"A1,A2,B1,B2,C1,C2",9956,4
"A1,A2,B1,B2,C1,C2",5206,48
"A1,A2,B1,B2,C1,C2",2249,32
"A1,A2,B1,B2,C1,C2",8267,11
"A1,A2,B1,B2,C1,C2",4990,14
"A1,A2,B1,B2,C1,C2",3054,14
"A1,A2,B1,B2,C1,C2",10602,69
"A1,A2,B1,B2,C1,C2",9571,66
"A1,A2,B1,B2,C1,C2",6954,69
"A1,A2,B1,B2,C1,C2",2171,12
"A1,A2,B1,B2,C1,C2",2356,59
"A1,A2,B1,B2,C1,C2",2730,50
"A1,A2,B1,B2,C1,C2",5815,36
"A1,A2,B1,B2,C1,C2",8864,30
"A1,A2,B1,B2,C1,C2",9748,57
"A1,A2,B1,B2,C1,C2",8201,72
"A1,A2,B1,B2,C1,C2",6103,6
"A1,A2,B1,B2,C1,C2",8339,46
"A1,A2,B1,B2,C1,C2",1674,68
"A1,A2,B1,B2,C1,C2",7633,43
"A1,A2,B1,B2,C1,C2",1306,70
"A1,A2,B1,B2,C1,C2",6520,42
"A1,A2,B1,B2,C1,C2",11454,11
"A1,A2,B1,B2,C1,C2",1399,22
"A1,A2,B1,B2,C1,C2",4694,22
"A1,A2,B1,B2,C1,C2",9931,29
"A1,A2,B1,B2,C1,C2",7138,65
"A1,A2,B1,B2,C1,C2",1679,55
"A1,A2,B1,B2,C1,C2",2597,69
"A1,A2,B1,B2,C1,C2",8379,37
"A1,A2,B1,B2,C1,C2",3264,68
"A1,A2,B1,B2,C1,C2",9400,38
"A1,A2,B1,B2,C1,C2",658,12
"A1,A2,B1,B2,C1,C2",7782,41
"A1,A2,B1,B2,C1,C2",7846,16
"A1,A2,B1,B2,C1,C2",528,23
"A1,A2,B1,B2,C1,C2",2662,57
"A1,A2,B1,B2,C1,C2",6024,65
"A1,A2,B1,B2,C1,C2",2271,3
"A1,A2,B1,B2,C1,C2",399,63
"A1,A2,B1,B2,C1,C2",6271,71
"A1,A2,B1,B2,C1,C2",8680,8
"A1,A2,B1,B2,C1,C2",1595,36
"A1,A2,B1,B2,C1,C2",2083,71
"A1,A2,B1,B2,C1,C2",10934,2
"A1,A2,B1,B2,C1,C2",10040,55
"A1,A2,B1,B2,C1,C2",2417,32
"A1,A2,B1,B2,C1,C2",7308,53
"A1,A2,B1,B2,C1,C2",8030,47
"A1,A2,B1,B2,C1,C2",6234,8
"A1,A2,B1,B2,C1,C2",10165,1
"A1,A2,B1,B2,C1,C2",6252,11
"A1,A2,B1,B2,C1,C2",2915,4
"A1,A2,B1,B2,C1,C2",4926,46
"A1,A2,B1,B2,C1,C2",7814,31
"A1,A2,B1,B2,C1,C2",5526,31
"A1,A2,B1,B2,C1,C2",5156,12
"A1,A2,B1,B2,C1,C2",4235,31
"A1,A2,B1,B2,C1,C2",8383,10
"A1,A2,B1,B2,C1,C2",4082,68
"A1,A2,B1,B2,C1,C2",3005,40
"A1,A2,B1,B2,C1,C2",4419,55
"A1,A2,B1,B2,C1,C2",8891,45
"A1,A2,B1,B2,C1,C2",6536,68
"A1,A2,B1,B2,C1,C2",1831,11
"A1,A2,B1,B2,C1,C2",6374,60
"A1,A2,B1,B2,C1,C2",11200,3
"A1,A2,B1,B2,C1,C2",4488,42
"A1,A2,B1,B2,C1,C2",1353,16
"A1,A2,B1,B2,C1,C2",11,54
"A1,A2,B1,B2,C1,C2",4834,6
"A1,A2,B1,B2,C1,C2",7276,69
"A1,A2,B1,B2,C1,C2",10997,62
"A1,A2,B1,B2,C1,C2",9098,68
"A1,A2,B1,B2,C1,C2",346,31
"A1,A2,B1,B2,C1,C2",11377,2
"A1,A2,B1,B2,C1,C2",7463,2
"A1,A2,B1,B2,C1,C2",1699,32
"A1,A2,B1,B2,C1,C2",9773,68
"A1,A2,B1,B2,C1,C2",3340,36
"A1,A2,B1,B2,C1,C2",7730,31
"A1,A2,B1,B2,C1,C2",2016,53
"A1,A2,B1,B2,C1,C2",8123,40
"A1,A2,B1,B2,C1,C2",3944,48
"A1,A2,B1,B2,C1,C2",2910,28
"A1,A2,B1,B2,C1,C2",11060,8
"A1,A2,B1,B2,C1,C2",5105,61
"A1,A2,B1,B2,C1,C2",3972,53
"A1,A2,B1,B2,C1,C2",8671,54
"A1,A2,B1,B2,C1,C2",4593,49
"A1,A2,B1,B2,C1,C2",2398,48
"A1,A2,B1,B2,C1,C2",2071,54
"A1,A2,B1,B2,C1,C2",8798,24
"A1,A2,B1,B2,C1,C2",76,33
"A1,A2,B1,B2,C1,C2",838,24
"A1,A2,B1,B2,C1,C2",3180,49
"A1,A2,B1,B2,C1,C2",11421,25
"A1,A2,B1,B2,C1,C2",10405,1
"A1,A2,B1,B2,C1,C2",3476,39
"A1,A2,B1,B2,C1,C2",3904,2
"A1,A2,B1,B2,C1,C2",11278,25
"A1,A2,B1,B2,C1,C2",736,24
"A1,A2,B1,B2,C1,C2",4898,55
"A1,A2,B1,B2,C1,C2",10091,36
"A1,A2,B1,B2,C1,C2",11112,19
"A1,A2,B1,B2,C1,C2",7989,5
"A1,A2,B1,B2,C1,C2",492,27
"A1,A2,B1,B2,C1,C2",11089,39
"A1,A2,B1,B2,C1,C2",912,30
"A1,A2,B1,B2,C1,C2",6141,37
"A1,A2,B1,B2,C1,C2",10808,4
"A1,A2,B1,B2,C1,C2",6619,15
"A1,A2,B1,B2,C1,C2",10868,35
"A1,A2,B1,B2,C1,C2",6502,67
"A1,A2,B1,B2,C1,C2",645,68
"A1,A2,B1,B2,C1,C2",8647,68
"A1,A2,B1,B2,C1,C2",3244,49
"A1,A2,B1,B2,C1,C2",9606,47
"A1,A2,B1,B2,C1,C2",104,37
"A1,A2,B1,B2,C1,C2",9831,45
"A1,A2,B1,B2,C1,C2",5419,17
"A1,A2,B1,B2,C1,C2",5230,28
"A1,A2,B1,B2,C1,C2",417,50
"A1,A2,B1,B2,C1,C2",9473,66
"A1,A2,B1,B2,C1,C2",534,68
"A1,A2,B1,B2,C1,C2",1200,32
"A1,A2,B1,B2,C1,C2",386,20
"A1,A2,B1,B2,C1,C2",4954,44
"A1,A2,B1,B2,C1,C2",11442,72
"A1,A2,B1,B2,C1,C2",7931,37
"A1,A2,B1,B2,C1,C2",7384,53
"A1,A2,B1,B2,C1,C2",10406,46
"A1,A2,B1,B2,C1,C2",2179,55
"A1,A2,B1,B2,C1,C2",4626,43
"A1,A2,B1,B2,C1,C2",9919,18
"A1,A2,B1,B2,C1,C2",8853,19
"A1,A2,B1,B2,C1,C2",9437,58
"A1,A2,B1,B2,C1,C2",2662,29
"A1,A2,B1,B2,C1,C2",10218,20
"A1,A2,B1,B2,C1,C2",9558,32
"A1,A2,B1,B2,C1,C2",10943,21
"A1,A2,B1,B2,C1,C2",11513,45
"A1,A2,B1,B2,C1,C2",3442,3
"A1,A2,B1,B2,C1,C2",3263,51
"A1,A2,B1,B2,C1,C2",7779,40
"A1,A2,B1,B2,C1,C2",7683,14
"A1,A2,B1,B2,C1,C2",1555,10
"A1,A2,B1,B2,C1,C2",5383,36
"A1,A2,B1,B2,C1,C2",2168,2
"A1,A2,B1,B2,C1,C2",776,14
"A1,A2,B1,B2,C1,C2",10654,68
"A1,A2,B1,B2,C1,C2",435,2
"A1,A2,B1,B2,C1,C2",19,49
"A1,A2,B1,B2,C1,C2",2048,61
"A1,A2,B1,B2,C1,C2",7546,63
"A1,A2,B1,B2,C1,C2",236,12
"A1,A2,B1,B2,C1,C2",5535,36
"A1,A2,B1,B2,C1,C2",10387,6
"A1,A2,B1,B2,C1,C2",5582,5
"A1,A2,B1,B2,C1,C2",10077,9
"A1,A2,B1,B2,C1,C2",6021,18
"A1,A2,B1,B2,C1,C2",425,70
"A1,A2,B1,B2,C1,C2",4260,44
"A1,A2,B1,B2,C1,C2",5537,13
"A1,A2,B1,B2,C1,C2",8120,22
"A1,A2,B1,B2,C1,C2",4761,19
"A1,A2,B1,B2,C1,C2",1190,22
"A1,A2,B1,B2,C1,C2",11338,43
"A1,A2,B1,B2,C1,C2",2096,38
"A1,A2,B1,B2,C1,C2",4238,15
"A1,A2,B1,B2,C1,C2",4491,28
"A1,A2,B1,B2,C1,C2",4441,48
"A1,A2,B1,B2,C1,C2",11016,47
"A1,A2,B1,B2,C1,C2",193,48
"A1,A2,B1,B2,C1,C2",9940,4
"A1,A2,B1,B2,C1,C2",2357,63
"A1,A2,B1,B2,C1,C2",6762,14
"A1,A2,B1,B2,C1,C2",10398,14
"A1,A2,B1,B2,C1,C2",1572,63
"A1,A2,B1,B2,C1,C2",8391,19
"A1,A2,B1,B2,C1,C2",8791,69
"A1,A2,B1,B2,C1,C2",5179,11
"A1,A2,B1,B2,C1,C2",10856,53
"A1,A2,B1,B2,C1,C2",1054,60
"A1,A2,B1,B2,C1,C2",5587,54
"A1,A2,B1,B2,C1,C2",6135,20
"A1,A2,B1,B2,C1,C2",10844,70
"A1,A2,B1,B2,C1,C2",10852,48
"A1,A2,B1,B2,C1,C2",10744,61
"A1,A2,B1,B2,C1,C2",10706,46
"A1,A2,B1,B2,C1,C2",5783,67
"A1,A2,B1,B2,C1,C2",1,65
"A1,A2,B1,B2,C1,C2",11119,2
"A1,A2,B1,B2,C1,C2",7684,21
"A1,A2,B1,B2,C1,C2",3238,64
"A1,A2,B1,B2,C1,C2",1991,46
"A1,A2,B1,B2,C1,C2",12,56
"A1,A2,B1,B2,C1,C2",11058,41
"A1,A2,B1,B2,C1,C2",10585,55
"A1,A2,B1,B2,C1,C2",6434,63
"A1,A2,B1,B2,C1,C2",6587,71
"A1,A2,B1,B2,C1,C2",2589,67
"A1,A2,B1,B2,C1,C2",5287,15
"A1,A2,B1,B2,C1,C2",5556,61
"A1,A2,B1,B2,C1,C2",6369,10
"A1,A2,B1,B2,C1,C2",1769,47
"A1,A2,B1,B2,C1,C2",5366,13
"A1,A2,B1,B2,C1,C2",7180,36
"A1,A2,B1,B2,C1,C2",1649,40
"A1,A2,B1,B2,C1,C2",3455,63
"A1,A2,B1,B2,C1,C2",5147,58
"A1,A2,B1,B2,C1,C2",4031,69
"A1,A2,B1,B2,C1,C2",7987,67
"A1,A2,B1,B2,C1,C2",11417,13
"A1,A2,B1,B2,C1,C2",4307,57
"A1,A2,B1,B2,C1,C2",10414,61
"A1,A2,B1,B2,C1,C2",8737,8
"A1,A2,B1,B2,C1,C2",11237,58
"A1,A2,B1,B2,C1,C2",5636,52
"A1,A2,B1,B2,C1,C2",8408,51
"A1,A2,B1,B2,C1,C2",2315,44
"A1,A2,B1,B2,C1,C2",3111,5
"A1,A2,B1,B2,C1,C2",368,45
"A1,A2,B1,B2,C1,C2",8258,15
"A1,A2,B1,B2,C1,C2",9450,3
"A1,A2,B1,B2,C1,C2",9113,34
"A1,A2,B1,B2,C1,C2",5772,69
"A1,A2,B1,B2,C1,C2",780,26
"A1,A2,B1,B2,C1,C2",4316,8
"A1,A2,B1,B2,C1,C2",2901,11
"A1,A2,B1,B2,C1,C2",151,54
"A1,A2,B1,B2,C1,C2",4694,16
"A1,A2,B1,B2,C1,C2",6943,71
"A1,A2,B1,B2,C1,C2",8940,6
"A1,A2,B1,B2,C1,C2",4985,7
"A1,A2,B1,B2,C1,C2",420,15
"A1,A2,B1,B2,C1,C2",867,1
"A1,A2,B1,B2,C1,C2",2798,16
"A1,A2,B1,B2,C1,C2",8373,20
"A1,A2,B1,B2,C1,C2",6081,30
"A1,A2,B1,B2,C1,C2",10505,72
"A1,A2,B1,B2,C1,C2",5474,49
"A1,A2,B1,B2,C1,C2",2355,39
"A1,A2,B1,B2,C1,C2",5397,53
"A1,A2,B1,B2,C1,C2",5320,30
"A1,A2,B1,B2,C1,C2",10847,32
"A1,A2,B1,B2,C1,C2",231,55
"A1,A2,B1,B2,C1,C2",2621,61
"A1,A2,B1,B2,C1,C2",4402,2
"A1,A2,B1,B2,C1,C2",4387,35
"A1,A2,B1,B2,C1,C2",2693,12
"A1,A2,B1,B2,C1,C2",3472,19
"A1,A2,B1,B2,C1,C2",3156,7
"A1,A2,B1,B2,C1,C2",1744,10
"A1,A2,B1,B2,C1,C2",7365,10
"A1,A2,B1,B2,C1,C2",9896,67
"A1,A2,B1,B2,C1,C2",10653,29
"A1,A2,B1,B2,C1,C2",3572,40
"A1,A2,B1,B2,C1,C2",11310,45
"A1,A2,B1,B2,C1,C2",2416,50
"A1,A2,B1,B2,C1,C2",3001,26
"A1,A2,B1,B2,C1,C2",3416,6
"A1,A2,B1,B2,C1,C2",3724,52
"A1,A2,B1,B2,C1,C2",3404,3
"A1,A2,B1,B2,C1,C2",8100,12
"A1,A2,B1,B2,C1,C2",5195,59
"A1,A2,B1,B2,C1,C2",8836,8
"A1,A2,B1,B2,C1,C2",2159,70
"A1,A2,B1,B2,C1,C2",2493,20
"A1,A2,B1,B2,C1,C2",1578,40
"A1,A2,B1,B2,C1,C2",8300,12
"A1,A2,B1,B2,C1,C2",9055,12
"A1,A2,B1,B2,C1,C2",3896,39
"A1,A2,B1,B2,C1,C2",592,51
"A1,A2,B1,B2,C1,C2",4694,52
"A1,A2,B1,B2,C1,C2",8156,5
"A1,A2,B1,B2,C1,C2",2738,9
"A1,A2,B1,B2,C1,C2",10498,1
"A1,A2,B1,B2,C1,C2",9430,7
"A1,A2,B1,B2,C1,C2",9017,29
"A1,A2,B1,B2,C1,C2",6990,9
"A1,A2,B1,B2,C1,C2",1612,57
"A1,A2,B1,B2,C1,C2",2259,1
"A1,A2,B1,B2,C1,C2",11171,42
"A1,A2,B1,B2,C1,C2",1328,24
"A1,A2,B1,B2,C1,C2",10886,70
"A1,A2,B1,B2,C1,C2",7392,63
"A1,A2,B1,B2,C1,C2",11116,61
"A1,A2,B1,B2,C1,C2",6936,33
"A1,A2,B1,B2,C1,C2",9653,37
"A1,A2,B1,B2,C1,C2",977,40
"A1,A2,B1,B2,C1,C2",2192,23
"A1,A2,B1,B2,C1,C2",7814,53
"A1,A2,B1,B2,C1,C2",1494,18
"A1,A2,B1,B2,C1,C2",5097,67
"A1,A2,B1,B2,C1,C2",11144,14
"A1,A2,B1,B2,C1,C2",5151,65
"A1,A2,B1,B2,C1,C2",9251,22
"A1,A2,B1,B2,C1,C2",3897,57
"A1,A2,B1,B2,C1,C2",3093,72
"A1,A2,B1,B2,C1,C2",7676,50
"A1,A2,B1,B2,C1,C2",3835,1
"A1,A2,B1,B2,C1,C2",4130,58
"A1,A2,B1,B2,C1,C2",2529,32
"A1,A2,B1,B2,C1,C2",9116,52
"A1,A2,B1,B2,C1,C2",9172,48
"A1,A2,B1,B2,C1,C2",3276,19
"A1,A2,B1,B2,C1,C2",4000,47
"A1,A2,B1,B2,C1,C2",1636,64
"A1,A2,B1,B2,C1,C2",10482,70
"A1,A2,B1,B2,C1,C2",8303,28
"A1,A2,B1,B2,C1,C2",7342,34
"A1,A2,B1,B2,C1,C2",2113,31
"A1,A2,B1,B2,C1,C2",945,15
"A1,A2,B1,B2,C1,C2",2905,25
"A1,A2,B1,B2,C1,C2",8187,19
"A1,A2,B1,B2,C1,C2",2880,7
"A1,A2,B1,B2,C1,C2",3355,66
"A1,A2,B1,B2,C1,C2",7805,24
"A1,A2,B1,B2,C1,C2",5846,56
"A1,A2,B1,B2,C1,C2",1659,2
"A1,A2,B1,B2,C1,C2",1794,66
"A1,A2,B1,B2,C1,C2",111,33
"A1,A2,B1,B2,C1,C2",295,12
"A1,A2,B1,B2,C1,C2",5737,11
"A1,A2,B1,B2,C1,C2",9454,6
"A1,A2,B1,B2,C1,C2",1980,49
"A1,A2,B1,B2,C1,C2",3544,27
"A1,A2,B1,B2,C1,C2",2020,72
"A1,A2,B1,B2,C1,C2",6598,68
"A1,A2,B1,B2,C1,C2",7835,5
"A1,A2,B1,B2,C1,C2",6876,10
"A1,A2,B1,B2,C1,C2",10676,10
"A1,A2,B1,B2,C1,C2",432,20
"A1,A2,B1,B2,C1,C2",4153,16
"A1,A2,B1,B2,C1,C2",3562,51
"A1,A2,B1,B2,C1,C2",2731,27
"A1,A2,B1,B2,C1,C2",7845,24
"A1,A2,B1,B2,C1,C2",2682,63
"A1,A2,B1,B2,C1,C2",1178,58
"A1,A2,B1,B2,C1,C2",10149,21
"A1,A2,B1,B2,C1,C2",203,40
"A1,A2,B1,B2,C1,C2",11211,12
"A1,A2,B1,B2,C1,C2",5668,40
"A1,A2,B1,B2,C1,C2",8321,44
"A1,A2,B1,B2,C1,C2",1251,15
"A1,A2,B1,B2,C1,C2",224,23
"A1,A2,B1,B2,C1,C2",6116,42
"A1,A2,B1,B2,C1,C2",8924,25
"A1,A2,B1,B2,C1,C2",1212,40
"A1,A2,B1,B2,C1,C2",10672,13
"A1,A2,B1,B2,C1,C2",6802,6
"A1,A2,B1,B2,C1,C2",4909,23
"A1,A2,B1,B2,C1,C2",9179,38
"A1,A2,B1,B2,C1,C2",7390,32
"A1,A2,B1,B2,C1,C2",2165,29
"A1,A2,B1,B2,C1,C2",6702,70
"A1,A2,B1,B2,C1,C2",11225,41
"A1,A2,B1,B2,C1,C2",861,40
"A1,A2,B1,B2,C1,C2",11516,3
"A1,A2,B1,B2,C1,C2",212,55
"A1,A2,B1,B2,C1,C2",3204,25
"A1,A2,B1,B2,C1,C2",9136,64
"A1,A2,B1,B2,C1,C2",1563,37
"A1,A2,B1,B2,C1,C2",5541,20
"A1,A2,B1,B2,C1,C2",2096,12
"A1,A2,B1,B2,C1,C2",8537,70
"A1,A2,B1,B2,C1,C2",3744,43
"A1,A2,B1,B2,C1,C2",8646,40
"A1,A2,B1,B2,C1,C2",5963,52
"A1,A2,B1,B2,C1,C2",11145,26
"A1,A2,B1,B2,C1,C2",8291,71
"A1,A2,B1,B2,C1,C2",1365,47
"A1,A2,B1,B2,C1,C2",2013,28
"A1,A2,B1,B2,C1,C2",7367,10
"A1,A2,B1,B2,C1,C2",3105,3
"A1,A2,B1,B2,C1,C2",1853,2
"A1,A2,B1,B2,C1,C2",10540,48
"A1,A2,B1,B2,C1,C2",3314,6
"A1,A2,B1,B2,C1,C2",1196,64
"A1,A2,B1,B2,C1,C2",3099,27
"A1,A2,B1,B2,C1,C2",9578,48
"A1,A2,B1,B2,C1,C2",7822,59
"A1,A2,B1,B2,C1,C2",4237,26
"A1,A2,B1,B2,C1,C2",5622,10
"A1,A2,B1,B2,C1,C2",764,37
"A1,A2,B1,B2,C1,C2",2306,1
"A1,A2,B1,B2,C1,C2",4968,10
"A1,A2,B1,B2,C1,C2",3548,47
"A1,A2,B1,B2,C1,C2",8508,62
"A1,A2,B1,B2,C1,C2",1440,14
"A1,A2,B1,B2,C1,C2",11209,34
"A1,A2,B1,B2,C1,C2",1494,9
"A1,A2,B1,B2,C1,C2",1690,26
"A1,A2,B1,B2,C1,C2",8305,55
"A1,A2,B1,B2,C1,C2",4321,23
"A1,A2,B1,B2,C1,C2",6296,34
"A1,A2,B1,B2,C1,C2",6809,40
"A1,A2,B1,B2,C1,C2",3988,14
"A1,A2,B1,B2,C1,C2",11289,45
"A1,A2,B1,B2,C1,C2",9196,19
"A1,A2,B1,B2,C1,C2",4717,61
"A1,A2,B1,B2,C1,C2",10917,20
"A1,A2,B1,B2,C1,C2",5683,49
"A1,A2,B1,B2,C1,C2",10497,46
"A1,A2,B1,B2,C1,C2",8415,52
"A1,A2,B1,B2,C1,C2",5182,67
"A1,A2,B1,B2,C1,C2",6314,1
"A1,A2,B1,B2,C1,C2",5291,2
"A1,A2,B1,B2,C1,C2",9656,39
"A1,A2,B1,B2,C1,C2",3458,69
"A1,A2,B1,B2,C1,C2",9304,64
"A1,A2,B1,B2,C1,C2",28,10
"A1,A2,B1,B2,C1,C2",4100,15
"A1,A2,B1,B2,C1,C2",10802,70
"A1,A2,B1,B2,C1,C2",7258,61
"A1,A2,B1,B2,C1,C2",3125,30
"A1,A2,B1,B2,C1,C2",10335,66
"A1,A2,B1,B2,C1,C2",7912,35
"A1,A2,B1,B2,C1,C2",1241,5
"A1,A2,B1,B2,C1,C2",4947,7
"A1,A2,B1,B2,C1,C2",4755,3
"A1,A2,B1,B2,C1,C2",4195,69
"A1,A2,B1,B2,C1,C2",6247,63
"A1,A2,B1,B2,C1,C2",2578,39
"A1,A2,B1,B2,C1,C2",7565,59
"A1,A2,B1,B2,C1,C2",5921,34
"A1,A2,B1,B2,C1,C2",8553,23
"A1,A2,B1,B2,C1,C2",6579,61
"A1,A2,B1,B2,C1,C2",2312,69
"A1,A2,B1,B2,C1,C2",4559,42
"A1,A2,B1,B2,C1,C2",4353,20
"A1,A2,B1,B2,C1,C2",1518,46
"A1,A2,B1,B2,C1,C2",3390,54
"A1,A2,B1,B2,C1,C2",6286,52
"A1,A2,B1,B2,C1,C2",7959,1
"A1,A2,B1,B2,C1,C2",8389,30
"A1,A2,B1,B2,C1,C2",2956,49
"A1,A2,B1,B2,C1,C2",5986,51
"A1,A2,B1,B2,C1,C2",2518,55
"A1,A2,B1,B2,C1,C2",1089,57
"A1,A2,B1,B2,C1,C2",2592,67
"A1,A2,B1,B2,C1,C2",5839,28
"A1,A2,B1,B2,C1,C2",887,50
"A1,A2,B1,B2,C1,C2",6915,45
"A1,A2,B1,B2,C1,C2",4020,17
"A1,A2,B1,B2,C1,C2",10628,55
"A1,A2,B1,B2,C1,C2",5483,16
"A1,A2,B1,B2,C1,C2",3946,15
"A1,A2,B1,B2,C1,C2",10657,47
"A1,A2,B1,B2,C1,C2",3560,45
"A1,A2,B1,B2,C1,C2",2799,10
"A1,A2,B1,B2,C1,C2",8631,68
"A1,A2,B1,B2,C1,C2",213,1
"A1,A2,B1,B2,C1,C2",9166,54
"A1,A2,B1,B2,C1,C2",9381,70
"A1,A2,B1,B2,C1,C2",9881,21
"A1,A2,B1,B2,C1,C2",10435,2
"A1,A2,B1,B2,C1,C2",10493,65
"A1,A2,B1,B2,C1,C2",11474,60
"A1,A2,B1,B2,C1,C2",3551,65
"A1,A2,B1,B2,C1,C2",6683,39
"A1,A2,B1,B2,C1,C2",2955,24
"A1,A2,B1,B2,C1,C2",11277,48
"A1,A2,B1,B2,C1,C2",2849,5
"A1,A2,B1,B2,C1,C2",7292,35
"A1,A2,B1,B2,C1,C2",9846,62
"A1,A2,B1,B2,C1,C2",5070,55
"A1,A2,B1,B2,C1,C2",2605,30
"A1,A2,B1,B2,C1,C2",5119,69
"A1,A2,B1,B2,C1,C2",3107,46
"A1,A2,B1,B2,C1,C2",2572,61
"A1,A2,B1,B2,C1,C2",4007,54
"A1,A2,B1,B2,C1,C2",8852,25
"A1,A2,B1,B2,C1,C2",5551,37
"A1,A2,B1,B2,C1,C2",864,61
"A1,A2,B1,B2,C1,C2",2108,62
"A1,A2,B1,B2,C1,C2",10628,5
"A1,A2,B1,B2,C1,C2",9303,47
"A1,A2,B1,B2,C1,C2",11461,16
"A1,A2,B1,B2,C1,C2",8680,7
"A1,A2,B1,B2,C1,C2",6533,47
"A1,A2,B1,B2,C1,C2",8940,51
"A1,A2,B1,B2,C1,C2",11390,25
"A1,A2,B1,B2,C1,C2",2787,1
"A1,A2,B1,B2,C1,C2",5333,22
"A1,A2,B1,B2,C1,C2",1953,58
"A1,A2,B1,B2,C1,C2",6943,18
"A1,A2,B1,B2,C1,C2",1919,56
"A1,A2,B1,B2,C1,C2",7971,31
"A1,A2,B1,B2,C1,C2",3816,32
"A1,A2,B1,B2,C1,C2",3155,72
"A1,A2,B1,B2,C1,C2",7006,15
"A1,A2,B1,B2,C1,C2",4364,14
"A1,A2,B1,B2,C1,C2",2800,5
"A1,A2,B1,B2,C1,C2",4184,32
"A1,A2,B1,B2,C1,C2",4512,28
"A1,A2,B1,B2,C1,C2",7497,68
"A1,A2,B1,B2,C1,C2",2308,3
"A1,A2,B1,B2,C1,C2",6759,18
"A1,A2,B1,B2,C1,C2",5139,23
"A1,A2,B1,B2,C1,C2",7796,39
"A1,A2,B1,B2,C1,C2",10932,17
"A1,A2,B1,B2,C1,C2",3487,12
"A1,A2,B1,B2,C1,C2",3779,39
"A1,A2,B1,B2,C1,C2",1532,53
"A1,A2,B1,B2,C1,C2",9022,66
"A1,A2,B1,B2,C1,C2",10667,10
"A1,A2,B1,B2,C1,C2",2181,53
"A1,A2,B1,B2,C1,C2",302,62
"A1,A2,B1,B2,C1,C2",4155,49
"A1,A2,B1,B2,C1,C2",103,67
"A1,A2,B1,B2,C1,C2",9614,56
"A1,A2,B1,B2,C1,C2",9459,37
"A1,A2,B1,B2,C1,C2",5319,42
"A1,A2,B1,B2,C1,C2",8669,12
"A1,A2,B1,B2,C1,C2",3962,44
"A1,A2,B1,B2,C1,C2",6811,58
"A1,A2,B1,B2,C1,C2",3594,45
"A1,A2,B1,B2,C1,C2",9009,71
"A1,A2,B1,B2,C1,C2",2541,44
"A1,A2,B1,B2,C1,C2",2685,61
"A1,A2,B1,B2,C1,C2",3057,28
"A1,A2,B1,B2,C1,C2",9277,60
"A1,A2,B1,B2,C1,C2",11298,55
"A1,A2,B1,B2,C1,C2",7949,24
"A1,A2,B1,B2,C1,C2",9920,10
"A1,A2,B1,B2,C1,C2",927,49
"A1,A2,B1,B2,C1,C2",11022,46
"A1,A2,B1,B2,C1,C2",8146,31
"A1,A2,B1,B2,C1,C2",9197,33
"A1,A2,B1,B2,C1,C2",5734,40
"A1,A2,B1,B2,C1,C2",4757,16
"A1,A2,B1,B2,C1,C2",3566,31
"A1,A2,B1,B2,C1,C2",4923,65
"A1,A2,B1,B2,C1,C2",11344,21
"A1,A2,B1,B2,C1,C2",3804,43
"A1,A2,B1,B2,C1,C2",1974,12
"A1,A2,B1,B2,C1,C2",335,3
"A1,A2,B1,B2,C1,C2",2453,64
"A1,A2,B1,B2,C1,C2",3832,42
"A1,A2,B1,B2,C1,C2",9703,66
"A1,A2,B1,B2,C1,C2",7707,39
"A1,A2,B1,B2,C1,C2",4712,35
"A1,A2,B1,B2,C1,C2",2384,21
"A1,A2,B1,B2,C1,C2",10392,12
"A1,A2,B1,B2,C1,C2",11405,14
"A1,A2,B1,B2,C1,C2",9455,23
"A1,A2,B1,B2,C1,C2",1668,14
"A1,A2,B1,B2,C1,C2",4858,28
"A1,A2,B1,B2,C1,C2",7361,39
"A1,A2,B1,B2,C1,C2",4706,37
"A1,A2,B1,B2,C1,C2",5123,60
"A1,A2,B1,B2,C1,C2",8828,12
"A1,A2,B1,B2,C1,C2",9157,11
"A1,A2,B1,B2,C1,C2",9830,49
"A1,A2,B1,B2,C1,C2",1486,18
"A1,A2,B1,B2,C1,C2",3439,62
"A1,A2,B1,B2,C1,C2",1302,41
"A1,A2,B1,B2,C1,C2",3967,70
"A1,A2,B1,B2,C1,C2",509,59
"A1,A2,B1,B2,C1,C2",8293,1
"A1,A2,B1,B2,C1,C2",3006,9
"A1,A2,B1,B2,C1,C2",3811,53
"A1,A2,B1,B2,C1,C2",6226,6
"A1,A2,B1,B2,C1,C2",150,19
"A1,A2,B1,B2,C1,C2",2185,36
"A1,A2,B1,B2,C1,C2",6370,32
"A1,A2,B1,B2,C1,C2",5876,34
"A1,A2,B1,B2,C1,C2",554,60
"A1,A2,B1,B2,C1,C2",7036,62
"A1,A2,B1,B2,C1,C2",493,14
"A1,A2,B1,B2,C1,C2",4875,58
"A1,A2,B1,B2,C1,C2",6104,33
"A1,A2,B1,B2,C1,C2",5116,40
"A1,A2,B1,B2,C1,C2",5341,37
"A1,A2,B1,B2,C1,C2",9469,53
"A1,A2,B1,B2,C1,C2",9132,14
"A1,A2,B1,B2,C1,C2",5765,42
"A1,A2,B1,B2,C1,C2",4650,19
"A1,A2,B1,B2,C1,C2",3968,7
"A1,A2,B1,B2,C1,C2",730,23
"A1,A2,B1,B2,C1,C2",4362,56
"A1,A2,B1,B2,C1,C2",6415,70
"A1,A2,B1,B2,C1,C2",6995,24
"A1,A2,B1,B2,C1,C2",3969,17
"A1,A2,B1,B2,C1,C2",5077,51
"A1,A2,B1,B2,C1,C2",5288,71
"A1,A2,B1,B2,C1,C2",9390,45
"A1,A2,B1,B2,C1,C2",94,39
"A1,A2,B1,B2,C1,C2",5141,10
"A1,A2,B1,B2,C1,C2",5751,49
"A1,A2,B1,B2,C1,C2",4952,32
"A1,A2,B1,B2,C1,C2",3870,59
"A1,A2,B1,B2,C1,C2",10135,10
"A1,A2,B1,B2,C1,C2",7356,37
"A1,A2,B1,B2,C1,C2",5286,61
"A1,A2,B1,B2,C1,C2",4193,19
"A1,A2,B1,B2,C1,C2",3927,51
"A1,A2,B1,B2,C1,C2",6773,56
"A1,A2,B1,B2,C1,C2",11497,59
"A1,A2,B1,B2,C1,C2",10297,13
"A1,A2,B1,B2,C1,C2",2602,11
"A1,A2,B1,B2,C1,C2",3345,52
"A1,A2,B1,B2,C1,C2",7443,36
"A1,A2,B1,B2,C1,C2",505,33
"A1,A2,B1,B2,C1,C2",469,19
"A1,A2,B1,B2,C1,C2",10648,30
"A1,A2,B1,B2,C1,C2",7574,53
"A1,A2,B1,B2,C1,C2",140,3
"A1,A2,B1,B2,C1,C2",5385,6
"A1,A2,B1,B2,C1,C2",6198,56
"A1,A2,B1,B2,C1,C2",221,16
"A1,A2,B1,B2,C1,C2",6783,26
"A1,A2,B1,B2,C1,C2",10781,51
"A1,A2,B1,B2,C1,C2",967,13
"A1,A2,B1,B2,C1,C2",6167,54
"A1,A2,B1,B2,C1,C2",6260,32
"A1,A2,B1,B2,C1,C2",8174,29
"A1,A2,B1,B2,C1,C2",7049,36
"A1,A2,B1,B2,C1,C2",10261,26
"A1,A2,B1,B2,C1,C2",10597,70
"A1,A2,B1,B2,C1,C2",1934,11
"A1,A2,B1,B2,C1,C2",2589,49
"A1,A2,B1,B2,C1,C2",10595,21
"A1,A2,B1,B2,C1,C2",4151,50
"A1,A2,B1,B2,C1,C2",10965,53
"A1,A2,B1,B2,C1,C2",3744,28
"A1,A2,B1,B2,C1,C2",5253,66
"A1,A2,B1,B2,C1,C2",9706,67
"A1,A2,B1,B2,C1,C2",4701,4
"A1,A2,B1,B2,C1,C2",7705,12
"A1,A2,B1,B2,C1,C2",6955,51
"A1,A2,B1,B2,C1,C2",4441,12
"A1,A2,B1,B2,C1,C2",4115,9
"A1,A2,B1,B2,C1,C2",4227,14
"A1,A2,B1,B2,C1,C2",1567,54
"A1,A2,B1,B2,C1,C2",2782,33
"A1,A2,B1,B2,C1,C2",10868,10
"A1,A2,B1,B2,C1,C2",2014,67
"A1,A2,B1,B2,C1,C2",638,31
"A1,A2,B1,B2,C1,C2",11,55
"A1,A2,B1,B2,C1,C2",951,29
"A1,A2,B1,B2,C1,C2",8332,7
"A1,A2,B1,B2,C1,C2",828,33
"A1,A2,B1,B2,C1,C2",8864,44
"A1,A2,B1,B2,C1,C2",2369,42
"A1,A2,B1,B2,C1,C2",4151,33
"A1,A2,B1,B2,C1,C2",10774,60
"A1,A2,B1,B2,C1,C2",11055,62
"A1,A2,B1,B2,C1,C2",8879,61
"A1,A2,B1,B2,C1,C2",4840,49
"A1,A2,B1,B2,C1,C2",7063,26
"A1,A2,B1,B2,C1,C2",8666,60
"A1,A2,B1,B2,C1,C2",2284,14
"A1,A2,B1,B2,C1,C2",11190,60
"A1,A2,B1,B2,C1,C2",4526,53
"A1,A2,B1,B2,C1,C2",6545,58
"A1,A2,B1,B2,C1,C2",9178,68
"A1,A2,B1,B2,C1,C2",9565,52
"A1,A2,B1,B2,C1,C2",9936,54
"A1,A2,B1,B2,C1,C2",3519,34
"A1,A2,B1,B2,C1,C2",11519,59
"A1,A2,B1,B2,C1,C2",1384,54
"A1,A2,B1,B2,C1,C2",4399,11
"A1,A2,B1,B2,C1,C2",2023,7
"A1,A2,B1,B2,C1,C2",8035,10
"A1,A2,B1,B2,C1,C2",6001,47
"A1,A2,B1,B2,C1,C2",11313,58
"A1,A2,B1,B2,C1,C2",8592,4
"A1,A2,B1,B2,C1,C2",2449,7
"A1,A2,B1,B2,C1,C2",9325,9
"A1,A2,B1,B2,C1,C2",4407,65
"A1,A2,B1,B2,C1,C2",3290,49
"A1,A2,B1,B2,C1,C2",5308,12
"A1,A2,B1,B2,C1,C2",9686,35
"A1,A2,B1,B2,C1,C2",1526,25
"A1,A2,B1,B2,C1,C2",7372,63
"A1,A2,B1,B2,C1,C2",6282,40
"A1,A2,B1,B2,C1,C2",11120,46
"A1,A2,B1,B2,C1,C2",1831,15
"A1,A2,B1,B2,C1,C2",5120,39
"A1,A2,B1,B2,C1,C2",9278,4
"A1,A2,B1,B2,C1,C2",11531,27
"A1,A2,B1,B2,C1,C2",4110,11
"A1,A2,B1,B2,C1,C2",133,17
"A1,A2,B1,B2,C1,C2",8923,36
"A1,A2,B1,B2,C1,C2",1329,16
"A1,A2,B1,B2,C1,C2",11273,60
"A1,A2,B1,B2,C1,C2",3254,21
"A1,A2,B1,B2,C1,C2",6531,3
"A1,A2,B1,B2,C1,C2",10169,59
"A1,A2,B1,B2,C1,C2",9386,68
"A1,A2,B1,B2,C1,C2",3015,56
"A1,A2,B1,B2,C1,C2",8168,26
"A1,A2,B1,B2,C1,C2",3244,48
"A1,A2,B1,B2,C1,C2",3690,66
"A1,A2,B1,B2,C1,C2",1908,68
"A1,A2,B1,B2,C1,C2",8918,44
"A1,A2,B1,B2,C1,C2",10748,11
"A1,A2,B1,B2,C1,C2",1353,3
"A1,A2,B1,B2,C1,C2",3947,43
"A1,A2,B1,B2,C1,C2",114,22
"A1,A2,B1,B2,C1,C2",1137,63
"A1,A2,B1,B2,C1,C2",9526,36
"A1,A2,B1,B2,C1,C2",1028,33
"A1,A2,B1,B2,C1,C2",2901,42
"A1,A2,B1,B2,C1,C2",8033,39
"A1,A2,B1,B2,C1,C2",7045,41
"A1,A2,B1,B2,C1,C2",6910,34
"A1,A2,B1,B2,C1,C2",2655,59
"A1,A2,B1,B2,C1,C2",9738,6
"A1,A2,B1,B2,C1,C2",1359,29
"A1,A2,B1,B2,C1,C2",8771,63
"A1,A2,B1,B2,C1,C2",10267,35
"A1,A2,B1,B2,C1,C2",1584,61
"A1,A2,B1,B2,C1,C2",1200,17
"A1,A2,B1,B2,C1,C2",5563,48
"A1,A2,B1,B2,C1,C2",7657,17
"A1,A2,B1,B2,C1,C2",8669,11
"A1,A2,B1,B2,C1,C2",3578,65
"A1,A2,B1,B2,C1,C2",4621,31
"A1,A2,B1,B2,C1,C2",10371,31
"A1,A2,B1,B2,C1,C2",610,10
"A1,A2,B1,B2,C1,C2",4192,6
"A1,A2,B1,B2,C1,C2",4724,40
"A1,A2,B1,B2,C1,C2",8001,18
"A1,A2,B1,B2,C1,C2",7656,46
"A1,A2,B1,B2,C1,C2",3192,11
"A1,A2,B1,B2,C1,C2",2456,62
"A1,A2,B1,B2,C1,C2",4968,41
"A1,A2,B1,B2,C1,C2",6033,11
"A1,A2,B1,B2,C1,C2",863,15
"A1,A2,B1,B2,C1,C2",4701,22
"A1,A2,B1,B2,C1,C2",7779,8
"A1,A2,B1,B2,C1,C2",2081,71
"A1,A2,B1,B2,C1,C2",4710,7
"A1,A2,B1,B2,C1,C2",7728,48
"A1,A2,B1,B2,C1,C2",4620,5
"A1,A2,B1,B2,C1,C2",5712,55
"A1,A2,B1,B2,C1,C2",637,36
"A1,A2,B1,B2,C1,C2",3474,28
"A1,A2,B1,B2,C1,C2",7245,1
"A1,A2,B1,B2,C1,C2",148,7
"A1,A2,B1,B2,C1,C2",6717,4
"A1,A2,B1,B2,C1,C2",4248,23
"A1,A2,B1,B2,C1,C2",7776,59
"A1,A2,B1,B2,C1,C2",7904,67
"A1,A2,B1,B2,C1,C2",334,52
"A1,A2,B1,B2,C1,C2",9174,35
"A1,A2,B1,B2,C1,C2",9431,14
"A1,A2,B1,B2,C1,C2",7127,27
"A1,A2,B1,B2,C1,C2",10474,56
"A1,A2,B1,B2,C1,C2",3848,4
"A1,A2,B1,B2,C1,C2",4232,22
"A1,A2,B1,B2,C1,C2",7258,26
"A1,A2,B1,B2,C1,C2",3827,43
"A1,A2,B1,B2,C1,C2",4596,58
"A1,A2,B1,B2,C1,C2",11081,1
"A1,A2,B1,B2,C1,C2",8337,67
"A1,A2,B1,B2,C1,C2",9995,4
"A1,A2,B1,B2,C1,C2",11480,16
"A1,A2,B1,B2,C1,C2",9445,71
"A1,A2,B1,B2,C1,C2",2709,38
"A1,A2,B1,B2,C1,C2",10630,22
"A1,A2,B1,B2,C1,C2",8965,3
"A1,A2,B1,B2,C1,C2",4719,26
"A1,A2,B1,B2,C1,C2",1328,51
"A1,A2,B1,B2,C1,C2",3804,47
"A1,A2,B1,B2,C1,C2",9500,27
"A1,A2,B1,B2,C1,C2",10928,69
"A1,A2,B1,B2,C1,C2",2783,51
"A1,A2,B1,B2,C1,C2",5553,23
"A1,A2,B1,B2,C1,C2",7333,41
"A1,A2,B1,B2,C1,C2",5421,31
"A1,A2,B1,B2,C1,C2",10210,55
"A1,A2,B1,B2,C1,C2",7628,35
"A1,A2,B1,B2,C1,C2",6314,15
"A1,A2,B1,B2,C1,C2",7370,29
"A1,A2,B1,B2,C1,C2",7115,19
"A1,A2,B1,B2,C1,C2",8566,67
"A1,A2,B1,B2,C1,C2",9094,50
"A1,A2,B1,B2,C1,C2",11211,49
"A1,A2,B1,B2,C1,C2",1435,53
"A1,A2,B1,B2,C1,C2",2163,49
"A1,A2,B1,B2,C1,C2",6191,31
"A1,A2,B1,B2,C1,C2",6300,20
"A1,A2,B1,B2,C1,C2",2286,10
"A1,A2,B1,B2,C1,C2",1877,7
"A1,A2,B1,B2,C1,C2",5239,58
"A1,A2,B1,B2,C1,C2",3063,7
"A1,A2,B1,B2,C1,C2",6813,70
"A1,A2,B1,B2,C1,C2",7201,35
"A1,A2,B1,B2,C1,C2",1438,15
"A1,A2,B1,B2,C1,C2",8929,58
"A1,A2,B1,B2,C1,C2",2646,55
"A1,A2,B1,B2,C1,C2",4153,38
"A1,A2,B1,B2,C1,C2",4301,8
"A1,A2,B1,B2,C1,C2",47,71
"A1,A2,B1,B2,C1,C2",11139,3
"A1,A2,B1,B2,C1,C2",7331,53
"A1,A2,B1,B2,C1,C2",2487,48
"A1,A2,B1,B2,C1,C2",5892,6
"A1,A2,B1,B2,C1,C2",9488,72
"A1,A2,B1,B2,C1,C2",10120,58
"A1,A2,B1,B2,C1,C2",6723,68
"A1,A2,B1,B2,C1,C2",1725,4
"A1,A2,B1,B2,C1,C2",70,58
"A1,A2,B1,B2,C1,C2",5307,32
"A1,A2,B1,B2,C1,C2",11286,36
"A1,A2,B1,B2,C1,C2",10779,50
"A1,A2,B1,B2,C1,C2",4701,9
"A1,A2,B1,B2,C1,C2",8435,5
"A1,A2,B1,B2,C1,C2",5376,21
"A1,A2,B1,B2,C1,C2",5407,23
"A1,A2,B1,B2,C1,C2",4217,55
"A1,A2,B1,B2,C1,C2",8115,16
"A1,A2,B1,B2,C1,C2",5892,25
"A1,A2,B1,B2,C1,C2",852,5
"A1,A2,B1,B2,C1,C2",94,31
"A1,A2,B1,B2,C1,C2",6970,66
"A1,A2,B1,B2,C1,C2",3178,43
"A1,A2,B1,B2,C1,C2",2444,42
"A1,A2,B1,B2,C1,C2",3104,70
"A1,A2,B1,B2,C1,C2",7933,24
"A1,A2,B1,B2,C1,C2",10286,46
"A1,A2,B1,B2,C1,C2",1366,5
"A1,A2,B1,B2,C1,C2",7375,54
"A1,A2,B1,B2,C1,C2",4144,44
"A1,A2,B1,B2,C1,C2",4994,66
"A1,A2,B1,B2,C1,C2",5160,2
"A1,A2,B1,B2,C1,C2",3700,23
"A1,A2,B1,B2,C1,C2",5615,71
"A1,A2,B1,B2,C1,C2",10592,7
"A1,A2,B1,B2,C1,C2",8351,39
"A1,A2,B1,B2,C1,C2",1417,33
"A1,A2,B1,B2,C1,C2",6678,70
"A1,A2,B1,B2,C1,C2",5552,8
"A1,A2,B1,B2,C1,C2",8963,51
"A1,A2,B1,B2,C1,C2",4498,39
"A1,A2,B1,B2,C1,C2",7757,23
"A1,A2,B1,B2,C1,C2",629,29
"A1,A2,B1,B2,C1,C2",430,72
"A1,A2,B1,B2,C1,C2",7256,46
"A1,A2,B1,B2,C1,C2",6252,54
"A1,A2,B1,B2,C1,C2",10623,49
"A1,A2,B1,B2,C1,C2",11020,42
"A1,A2,B1,B2,C1,C2",3361,2
"A1,A2,B1,B2,C1,C2",5038,12
"A1,A2,B1,B2,C1,C2",3178,47
"A1,A2,B1,B2,C1,C2",10220,22
"A1,A2,B1,B2,C1,C2",3416,7
"A1,A2,B1,B2,C1,C2",5696,56
"A1,A2,B1,B2,C1,C2",8688,28
"A1,A2,B1,B2,C1,C2",6590,68
"A1,A2,B1,B2,C1,C2",5484,30
"A1,A2,B1,B2,C1,C2",4295,35
"A1,A2,B1,B2,C1,C2",8972,28
"A1,A2,B1,B2,C1,C2",9786,23
"A1,A2,B1,B2,C1,C2",423,33
"A1,A2,B1,B2,C1,C2",4781,67
"A1,A2,B1,B2,C1,C2",8782,34
"A1,A2,B1,B2,C1,C2",1191,30
"A1,A2,B1,B2,C1,C2",3685,70
"A1,A2,B1,B2,C1,C2",4940,44
"A1,A2,B1,B2,C1,C2",6073,32
"A1,A2,B1,B2,C1,C2",1123,48
"A1,A2,B1,B2,C1,C2",7696,61
"A1,A2,B1,B2,C1,C2",3262,44
"A1,A2,B1,B2,C1,C2",8022,26
"A1,A2,B1,B2,C1,C2",2395,32
"A1,A2,B1,B2,C1,C2",3354,42
"A1,A2,B1,B2,C1,C2",10680,1
"A1,A2,B1,B2,C1,C2",742,14
"A1,A2,B1,B2,C1,C2",11098,48
"A1,A2,B1,B2,C1,C2",1472,46
"A1,A2,B1,B2,C1,C2",5810,31
"A1,A2,B1,B2,C1,C2",1233,44
"A1,A2,B1,B2,C1,C2",1550,23
"A1,A2,B1,B2,C1,C2",10112,11
"A1,A2,B1,B2,C1,C2",11476,49
"A1,A2,B1,B2,C1,C2",8920,30
"A1,A2,B1,B2,C1,C2",6293,58
"A1,A2,B1,B2,C1,C2",3017,54
"A1,A2,B1,B2,C1,C2",9739,50
"A1,A2,B1,B2,C1,C2",11533,24
"A1,A2,B1,B2,C1,C2",6810,45
"A1,A2,B1,B2,C1,C2",11361,1
"A1,A2,B1,B2,C1,C2",3290,53
"A1,A2,B1,B2,C1,C2",9096,59
"A1,A2,B1,B2,C1,C2",4112,58
"A1,A2,B1,B2,C1,C2",10218,42
"A1,A2,B1,B2,C1,C2",10075,29
"A1,A2,B1,B2,C1,C2",10941,29
"A1,A2,B1,B2,C1,C2",6690,54
"A1,A2,B1,B2,C1,C2",8681,35
"A1,A2,B1,B2,C1,C2",10775,3
"A1,A2,B1,B2,C1,C2",732,24
"A1,A2,B1,B2,C1,C2",6338,1
"A1,A2,B1,B2,C1,C2",5303,13
"A1,A2,B1,B2,C1,C2",9465,71
"A1,A2,B1,B2,C1,C2",399,41
"A1,A2,B1,B2,C1,C2",4616,18
"A1,A2,B1,B2,C1,C2",3828,8
"A1,A2,B1,B2,C1,C2",4827,57
"A1,A2,B1,B2,C1,C2",898,15
"A1,A2,B1,B2,C1,C2",7053,23
"A1,A2,B1,B2,C1,C2",8513,50
"A1,A2,B1,B2,C1,C2",5405,71
"A1,A2,B1,B2,C1,C2",7918,38
"A1,A2,B1,B2,C1,C2",9736,65
"A1,A2,B1,B2,C1,C2",2192,32
"A1,A2,B1,B2,C1,C2",3100,68
"A1,A2,B1,B2,C1,C2",674,33
"A1,A2,B1,B2,C1,C2",1239,9
"A1,A2,B1,B2,C1,C2",10533,24
"A1,A2,B1,B2,C1,C2",3585,36
"A1,A2,B1,B2,C1,C2",3168,59
"A1,A2,B1,B2,C1,C2",1724,27
"A1,A2,B1,B2,C1,C2",3618,36
"A1,A2,B1,B2,C1,C2",7539,61
"A1,A2,B1,B2,C1,C2",8856,11
"A1,A2,B1,B2,C1,C2",11271,35
"A1,A2,B1,B2,C1,C2",4825,41
"A1,A2,B1,B2,C1,C2",3100,43
"A1,A2,B1,B2,C1,C2",10112,7
"A1,A2,B1,B2,C1,C2",4335,66
"A1,A2,B1,B2,C1,C2",5897,35
"A1,A2,B1,B2,C1,C2",5132,32
"A1,A2,B1,B2,C1,C2",8292,14
"A1,A2,B1,B2,C1,C2",8293,6
"A1,A2,B1,B2,C1,C2",6561,21
"A1,A2,B1,B2,C1,C2",3866,61
"A1,A2,B1,B2,C1,C2",5021,14
"A1,A2,B1,B2,C1,C2",8347,8
"A1,A2,B1,B2,C1,C2",3644,46
"A1,A2,B1,B2,C1,C2",8342,29
"A1,A2,B1,B2,C1,C2",4726,58
"A1,A2,B1,B2,C1,C2",4713,41
"A1,A2,B1,B2,C1,C2",6523,32
"A1,A2,B1,B2,C1,C2",11474,40
"A1,A2,B1,B2,C1,C2",6506,29
"A1,A2,B1,B2,C1,C2",2067,11
"A1,A2,B1,B2,C1,C2",6919,49
"A1,A2,B1,B2,C1,C2",8608,70
"A1,A2,B1,B2,C1,C2",6166,32
"A1,A2,B1,B2,C1,C2",3380,27
"A1,A2,B1,B2,C1,C2",1898,24
"A1,A2,B1,B2,C1,C2",1022,47
"A1,A2,B1,B2,C1,C2",4725,51
"A1,A2,B1,B2,C1,C2",5820,66
"A1,A2,B1,B2,C1,C2",9473,61
"A1,A2,B1,B2,C1,C2",4525,48
"A1,A2,B1,B2,C1,C2",11523,9
"A1,A2,B1,B2,C1,C2",9942,45
"A1,A2,B1,B2,C1,C2",10667,47
"A1,A2,B1,B2,C1,C2",8178,69
"A1,A2,B1,B2,C1,C2",1342,54
"A1,A2,B1,B2,C1,C2",7786,64
"A1,A2,B1,B2,C1,C2",6858,10
"A1,A2,B1,B2,C1,C2",7635,15
"A1,A2,B1,B2,C1,C2",10603,56
"A1,A2,B1,B2,C1,C2",5569,53
"A1,A2,B1,B2,C1,C2",682,46
"A1,A2,B1,B2,C1,C2",1313,9
"A1,A2,B1,B2,C1,C2",7713,29
"A1,A2,B1,B2,C1,C2",7853,30
"A1,A2,B1,B2,C1,C2",4267,69
"A1,A2,B1,B2,C1,C2",266,62
"A1,A2,B1,B2,C1,C2",7712,24
"A1,A2,B1,B2,C1,C2",10645,29
"A1,A2,B1,B2,C1,C2",3221,66
"A1,A2,B1,B2,C1,C2",7632,16
"A1,A2,B1,B2,C1,C2",7266,38
"A1,A2,B1,B2,C1,C2",5340,6
"A1,A2,B1,B2,C1,C2",6197,64
"A1,A2,B1,B2,C1,C2",6872,10
"A1,A2,B1,B2,C1,C2",11324,62
"A1,A2,B1,B2,C1,C2",10648,61
"A1,A2,B1,B2,C1,C2",5936,4
"A1,A2,B1,B2,C1,C2",2503,64
"A1,A2,B1,B2,C1,C2",3280,22
"A1,A2,B1,B2,C1,C2",10714,45
"A1,A2,B1,B2,C1,C2",6994,11
"A1,A2,B1,B2,C1,C2",4237,57
"A1,A2,B1,B2,C1,C2",1470,28
"A1,A2,B1,B2,C1,C2",6709,32
"A1,A2,B1,B2,C1,C2",10696,39
"A1,A2,B1,B2,C1,C2",7084,22
"A1,A2,B1,B2,C1,C2",8654,52
"A1,A2,B1,B2,C1,C2",8475,31
"A1,A2,B1,B2,C1,C2",1144,63
"A1,A2,B1,B2,C1,C2",8784,40
"A1,A2,B1,B2,C1,C2",6870,29
"A1,A2,B1,B2,C1,C2",10450,30
"A1,A2,B1,B2,C1,C2",1892,30
"A1,A2,B1,B2,C1,C2",2581,61
"A1,A2,B1,B2,C1,C2",5776,68
"A1,A2,B1,B2,C1,C2",4872,38
"A1,A2,B1,B2,C1,C2",7618,70
"A1,A2,B1,B2,C1,C2",6984,56
"A1,A2,B1,B2,C1,C2",11468,17
"A1,A2,B1,B2,C1,C2",8848,69
"A1,A2,B1,B2,C1,C2",5223,47
"A1,A2,B1,B2,C1,C2",7845,59
"A1,A2,B1,B2,C1,C2",9470,24
"A1,A2,B1,B2,C1,C2",6099,63
"A1,A2,B1,B2,C1,C2",9219,12
"A1,A2,B1,B2,C1,C2",5120,39
"A1,A2,B1,B2,C1,C2",6034,44
"A1,A2,B1,B2,C1,C2",9162,15
"A1,A2,B1,B2,C1,C2",9940,38
"A1,A2,B1,B2,C1,C2",10227,59
"A1,A2,B1,B2,C1,C2",3321,44
"A1,A2,B1,B2,C1,C2",1043,4
"A1,A2,B1,B2,C1,C2",9626,9
"A1,A2,B1,B2,C1,C2",8204,28
"A1,A2,B1,B2,C1,C2",9301,63
"A1,A2,B1,B2,C1,C2",4019,6
"A1,A2,B1,B2,C1,C2",2872,34
"A1,A2,B1,B2,C1,C2",3823,31
"A1,A2,B1,B2,C1,C2",10199,69
"A1,A2,B1,B2,C1,C2",1738,26
"A1,A2,B1,B2,C1,C2",3184,25
"A1,A2,B1,B2,C1,C2",10210,26
"A1,A2,B1,B2,C1,C2",1352,51
"A1,A2,B1,B2,C1,C2",1082,25
"A1,A2,B1,B2,C1,C2",622,4
"A1,A2,B1,B2,C1,C2",6348,8
"A1,A2,B1,B2,C1,C2",9887,55
"A1,A2,B1,B2,C1,C2",10736,11
"A1,A2,B1,B2,C1,C2",1654,24
"A1,A2,B1,B2,C1,C2",4840,8
"A1,A2,B1,B2,C1,C2",4091,55
"A1,A2,B1,B2,C1,C2",388,67
"A1,A2,B1,B2,C1,C2",5009,38
"A1,A2,B1,B2,C1,C2",367,11
"A1,A2,B1,B2,C1,C2",7021,38
"A1,A2,B1,B2,C1,C2",7107,63
"A1,A2,B1,B2,C1,C2",7516,69
"A1,A2,B1,B2,C1,C2",8671,42
"A1,A2,B1,B2,C1,C2",8369,3
"A1,A2,B1,B2,C1,C2",9170,70
"A1,A2,B1,B2,C1,C2",1017,39
"A1,A2,B1,B2,C1,C2",2337,23
"A1,A2,B1,B2,C1,C2",2121,25
"A1,A2,B1,B2,C1,C2",635,25
"A1,A2,B1,B2,C1,C2",7018,32
"A1,A2,B1,B2,C1,C2",9658,4
"A1,A2,B1,B2,C1,C2",1441,40
"A1,A2,B1,B2,C1,C2",1728,72
"A1,A2,B1,B2,C1,C2",3552,50
"A1,A2,B1,B2,C1,C2",8370,35
"A1,A2,B1,B2,C1,C2",4096,31
"A1,A2,B1,B2,C1,C2",10711,8
"A1,A2,B1,B2,C1,C2",7052,53
"A1,A2,B1,B2,C1,C2",206,71
"A1,A2,B1,B2,C1,C2",8950,19
"A1,A2,B1,B2,C1,C2",9729,34
"A1,A2,B1,B2,C1,C2",638,40
"A1,A2,B1,B2,C1,C2",4342,49
"A1,A2,B1,B2,C1,C2",5690,29
"A1,A2,B1,B2,C1,C2",2219,15
"A1,A2,B1,B2,C1,C2",7962,40
"A1,A2,B1,B2,C1,C2",3133,49
"A1,A2,B1,B2,C1,C2",10982,4
"A1,A2,B1,B2,C1,C2",1609,28
"A1,A2,B1,B2,C1,C2",3639,53
"A1,A2,B1,B2,C1,C2",6897,45
"A1,A2,B1,B2,C1,C2",6396,1
"A1,A2,B1,B2,C1,C2",3484,42
"A1,A2,B1,B2,C1,C2",9506,70
"A1,A2,B1,B2,C1,C2",6115,11
"A1,A2,B1,B2,C1,C2",6347,65
"A1,A2,B1,B2,C1,C2",5649,2
"A1,A2,B1,B2,C1,C2",4803,53
"A1,A2,B1,B2,C1,C2",4625,17
"A1,A2,B1,B2,C1,C2",9456,53
"A1,A2,B1,B2,C1,C2",9001,63
"A1,A2,B1,B2,C1,C2",4084,38
"A1,A2,B1,B2,C1,C2",3894,59
"A1,A2,B1,B2,C1,C2",3679,7
"A1,A2,B1,B2,C1,C2",496,57
"A1,A2,B1,B2,C1,C2",3073,43
"A1,A2,B1,B2,C1,C2",2471,59
"A1,A2,B1,B2,C1,C2",1421,65
"A1,A2,B1,B2,C1,C2",10252,71
"A1,A2,B1,B2,C1,C2",4438,46
"A1,A2,B1,B2,C1,C2",8926,38
"A1,A2,B1,B2,C1,C2",11003,28
"A1,A2,B1,B2,C1,C2",536,46
"A1,A2,B1,B2,C1,C2",6932,31
"A1,A2,B1,B2,C1,C2",6977,70
"A1,A2,B1,B2,C1,C2",9121,68
"A1,A2,B1,B2,C1,C2",5749,72
"A1,A2,B1,B2,C1,C2",1446,8
"A1,A2,B1,B2,C1,C2",2632,66
"A1,A2,B1,B2,C1,C2",5178,32
"A1,A2,B1,B2,C1,C2",501,20
"A1,A2,B1,B2,C1,C2",670,52
"A1,A2,B1,B2,C1,C2",11198,69
"A1,A2,B1,B2,C1,C2",7592,21
"A1,A2,B1,B2,C1,C2",6984,21
"A1,A2,B1,B2,C1,C2",9207,58
"A1,A2,B1,B2,C1,C2",5993,7
"A1,A2,B1,B2,C1,C2",3084,6
"A1,A2,B1,B2,C1,C2",6627,16
"A1,A2,B1,B2,C1,C2",422,64
"A1,A2,B1,B2,C1,C2",113,40
"A1,A2,B1,B2,C1,C2",1891,66
"A1,A2,B1,B2,C1,C2",8728,53
"A1,A2,B1,B2,C1,C2",10047,64
"A1,A2,B1,B2,C1,C2",6836,32
"A1,A2,B1,B2,C1,C2",3747,45
"A1,A2,B1,B2,C1,C2",9066,43
"A1,A2,B1,B2,C1,C2",910,12
"A1,A2,B1,B2,C1,C2",2736,72
"A1,A2,B1,B2,C1,C2",7380,20
"A1,A2,B1,B2,C1,C2",11100,16
"A1,A2,B1,B2,C1,C2",6482,69
"A1,A2,B1,B2,C1,C2",10947,18
"A1,A2,B1,B2,C1,C2",1784,37
"A1,A2,B1,B2,C1,C2",190,24
"A1,A2,B1,B2,C1,C2",1495,23
"A1,A2,B1,B2,C1,C2",5215,54
"A1,A2,B1,B2,C1,C2",3571,7
"A1,A2,B1,B2,C1,C2",1691,30
"A1,A2,B1,B2,C1,C2",8678,67
"A1,A2,B1,B2,C1,C2",8373,9
"A1,A2,B1,B2,C1,C2",3956,20
"A1,A2,B1,B2,C1,C2",4361,17
"A1,A2,B1,B2,C1,C2",8763,67
"A1,A2,B1,B2,C1,C2",11058,65
"A1,A2,B1,B2,C1,C2",6262,16
"A1,A2,B1,B2,C1,C2",7675,20
"A1,A2,B1,B2,C1,C2",9586,57
"A1,A2,B1,B2,C1,C2",10842,22
"A1,A2,B1,B2,C1,C2",10616,7
"A1,A2,B1,B2,C1,C2",6605,5
"A1,A2,B1,B2,C1,C2",3448,45
"A1,A2,B1,B2,C1,C2",9359,21
"A1,A2,B1,B2,C1,C2",8929,10
"A1,A2,B1,B2,C1,C2",10599,66
"A1,A2,B1,B2,C1,C2",1395,69
"A1,A2,B1,B2,C1,C2",7589,17
"A1,A2,B1,B2,C1,C2",8110,2
"A1,A2,B1,B2,C1,C2",8102,52
"A1,A2,B1,B2,C1,C2",2427,69
"A1,A2,B1,B2,C1,C2",2820,48
"A1,A2,B1,B2,C1,C2",10080,48
"A1,A2,B1,B2,C1,C2",3453,24
"A1,A2,B1,B2,C1,C2",324,35
"A1,A2,B1,B2,C1,C2",10376,31
"A1,A2,B1,B2,C1,C2",5866,63
"A1,A2,B1,B2,C1,C2",766,64
"A1,A2,B1,B2,C1,C2",4771,40
"A1,A2,B1,B2,C1,C2",9831,68
"A1,A2,B1,B2,C1,C2",10722,10
"A1,A2,B1,B2,C1,C2",1901,9
"A1,A2,B1,B2,C1,C2",7558,54
"A1,A2,B1,B2,C1,C2",8404,25
"A1,A2,B1,B2,C1,C2",883,41
"A1,A2,B1,B2,C1,C2",8816,8
"A1,A2,B1,B2,C1,C2",2431,33
"A1,A2,B1,B2,C1,C2",762,70
"A1,A2,B1,B2,C1,C2",5992,1
"A1,A2,B1,B2,C1,C2",8930,21
"A1,A2,B1,B2,C1,C2",7613,13
"A1,A2,B1,B2,C1,C2",7938,24
"A1,A2,B1,B2,C1,C2",1080,39
"A1,A2,B1,B2,C1,C2",4804,49
"A1,A2,B1,B2,C1,C2",10207,21
"A1,A2,B1,B2,C1,C2",745,40
"A1,A2,B1,B2,C1,C2",3508,45
"A1,A2,B1,B2,C1,C2",2065,27
"A1,A2,B1,B2,C1,C2",5292,30
"A1,A2,B1,B2,C1,C2",10477,32
"A1,A2,B1,B2,C1,C2",207,39
"A1,A2,B1,B2,C1,C2",4313,61
"A1,A2,B1,B2,C1,C2",11209,43
"A1,A2,B1,B2,C1,C2",802,7
"A1,A2,B1,B2,C1,C2",3077,60
"A1,A2,B1,B2,C1,C2",6146,53
"A1,A2,B1,B2,C1,C2",3665,63
"A1,A2,B1,B2,C1,C2",428,30
"A1,A2,B1,B2,C1,C2",5254,25
"A1,A2,B1,B2,C1,C2",6170,20
"A1,A2,B1,B2,C1,C2",5004,5
"A1,A2,B1,B2,C1,C2",9293,72
"A1,A2,B1,B2,C1,C2",6155,12
"A1,A2,B1,B2,C1,C2",4501,9
"A1,A2,B1,B2,C1,C2",2269,54
"A1,A2,B1,B2,C1,C2",9719,62
"A1,A2,B1,B2,C1,C2",8659,22
"A1,A2,B1,B2,C1,C2",11176,1
"A1,A2,B1,B2,C1,C2",1334,44
"A1,A2,B1,B2,C1,C2",6407,47
"A1,A2,B1,B2,C1,C2",2554,50
"A1,A2,B1,B2,C1,C2",3403,46
"A1,A2,B1,B2,C1,C2",5113,16
"A1,A2,B1,B2,C1,C2",3671,12
"A1,A2,B1,B2,C1,C2",1179,57
"A1,A2,B1,B2,C1,C2",3436,30
"A1,A2,B1,B2,C1,C2",884,8
"A1,A2,B1,B2,C1,C2",5523,1
"A1,A2,B1,B2,C1,C2",3522,25
"A1,A2,B1,B2,C1,C2",9946,11
"A1,A2,B1,B2,C1,C2",2809,21
"A1,A2,B1,B2,C1,C2",3754,65
"A1,A2,B1,B2,C1,C2",7001,48
"A1,A2,B1,B2,C1,C2",9468,4
"A1,A2,B1,B2,C1,C2",923,52
"A1,A2,B1,B2,C1,C2",4838,11
"A1,A2,B1,B2,C1,C2",4375,67
"A1,A2,B1,B2,C1,C2",9287,18
"A1,A2,B1,B2,C1,C2",9413,52
"A1,A2,B1,B2,C1,C2",10575,7
"A1,A2,B1,B2,C1,C2",2079,45
"A1,A2,B1,B2,C1,C2",1555,47
"A1,A2,B1,B2,C1,C2",8907,5
"A1,A2,B1,B2,C1,C2",3286,23
"A1,A2,B1,B2,C1,C2",6684,34
"A1,A2,B1,B2,C1,C2",4654,50
"A1,A2,B1,B2,C1,C2",6315,4
"A1,A2,B1,B2,C1,C2",6713,2
"A1,A2,B1,B2,C1,C2",577,53
"A1,A2,B1,B2,C1,C2",7618,49
"A1,A2,B1,B2,C1,C2",3523,19
"A1,A2,B1,B2,C1,C2",7448,35
"A1,A2,B1,B2,C1,C2",9437,7
"A1,A2,B1,B2,C1,C2",7055,58
"A1,A2,B1,B2,C1,C2",9992,12
"A1,A2,B1,B2,C1,C2",7130,17
"A1,A2,B1,B2,C1,C2",7405,29
"A1,A2,B1,B2,C1,C2",10163,12
"A1,A2,B1,B2,C1,C2",9446,8
"A1,A2,B1,B2,C1,C2",11055,56
"A1,A2,B1,B2,C1,C2",8830,54
"A1,A2,B1,B2,C1,C2",2945,7
"A1,A2,B1,B2,C1,C2",6960,30
"A1,A2,B1,B2,C1,C2",605,31
"A1,A2,B1,B2,C1,C2",7438,67
"A1,A2,B1,B2,C1,C2",8143,47
"A1,A2,B1,B2,C1,C2",7687,71
"A1,A2,B1,B2,C1,C2",6556,58
"A1,A2,B1,B2,C1,C2",9740,30
"A1,A2,B1,B2,C1,C2",10974,4
"A1,A2,B1,B2,C1,C2",2655,61
"A1,A2,B1,B2,C1,C2",1094,18
"A1,A2,B1,B2,C1,C2",2270,51
"A1,A2,B1,B2,C1,C2",8356,38
"A1,A2,B1,B2,C1,C2",11274,6
"A1,A2,B1,B2,C1,C2",3787,31
"A1,A2,B1,B2,C1,C2",10625,26
"A1,A2,B1,B2,C1,C2",8471,6
"A1,A2,B1,B2,C1,C2",11429,71
"A1,A2,B1,B2,C1,C2",867,72
"A1,A2,B1,B2,C1,C2",2287,42
"A1,A2,B1,B2,C1,C2",7768,53
"A1,A2,B1,B2,C1,C2",3122,67
"A1,A2,B1,B2,C1,C2",8646,18
"A1,A2,B1,B2,C1,C2",4778,52
"A1,A2,B1,B2,C1,C2",11277,15
"A1,A2,B1,B2,C1,C2",4252,1
"A1,A2,B1,B2,C1,C2",4241,51
"A1,A2,B1,B2,C1,C2",7310,59
"A1,A2,B1,B2,C1,C2",5207,55
"A1,A2,B1,B2,C1,C2",11451,21
"A1,A2,B1,B2,C1,C2",1865,69
"A1,A2,B1,B2,C1,C2",6018,56
"A1,A2,B1,B2,C1,C2",9635,10
"A1,A2,B1,B2,C1,C2",9751,48
"A1,A2,B1,B2,C1,C2",8625,18
"A1,A2,B1,B2,C1,C2",2952,64
"A1,A2,B1,B2,C1,C2",8543,45
"A1,A2,B1,B2,C1,C2",11087,60
"A1,A2,B1,B2,C1,C2",9060,72
"A1,A2,B1,B2,C1,C2",10045,11
"A1,A2,B1,B2,C1,C2",8247,72
"A1,A2,B1,B2,C1,C2",10094,35
"A1,A2,B1,B2,C1,C2",495,23
"A1,A2,B1,B2,C1,C2",2652,48
"A1,A2,B1,B2,C1,C2",2829,63
"A1,A2,B1,B2,C1,C2",8045,54
"A1,A2,B1,B2,C1,C2",6156,15
"A1,A2,B1,B2,C1,C2",7626,71
"A1,A2,B1,B2,C1,C2",7536,21
"A1,A2,B1,B2,C1,C2",8955,61
"A1,A2,B1,B2,C1,C2",7329,64
"A1,A2,B1,B2,C1,C2",10401,64
"A1,A2,B1,B2,C1,C2",6101,44
"A1,A2,B1,B2,C1,C2",6324,48
"A1,A2,B1,B2,C1,C2",8297,48
"A1,A2,B1,B2,C1,C2",9032,5
"A1,A2,B1,B2,C1,C2",9410,22
"A1,A2,B1,B2,C1,C2",8839,57
"A1,A2,B1,B2,C1,C2",4325,67
"A1,A2,B1,B2,C1,C2",2473,29
"A1,A2,B1,B2,C1,C2",9706,23
"A1,A2,B1,B2,C1,C2",3894,27
"A1,A2,B1,B2,C1,C2",2931,26
"A1,A2,B1,B2,C1,C2",3177,15
"A1,A2,B1,B2,C1,C2",10428,20
"A1,A2,B1,B2,C1,C2",1321,4
"A1,A2,B1,B2,C1,C2",10526,24
"A1,A2,B1,B2,C1,C2",7749,11
"A1,A2,B1,B2,C1,C2",3975,27
"A1,A2,B1,B2,C1,C2",5758,46
"A1,A2,B1,B2,C1,C2",794,9
"A1,A2,B1,B2,C1,C2",4296,50
"A1,A2,B1,B2,C1,C2",8615,51
"A1,A2,B1,B2,C1,C2",5750,2
"A1,A2,B1,B2,C1,C2",9200,7
"A1,A2,B1,B2,C1,C2",9704,55
"A1,A2,B1,B2,C1,C2",7249,8
"A1,A2,B1,B2,C1,C2",5387,1
"A1,A2,B1,B2,C1,C2",2687,64
"A1,A2,B1,B2,C1,C2",4661,8
"A1,A2,B1,B2,C1,C2",10568,69
"A1,A2,B1,B2,C1,C2",4984,64
"A1,A2,B1,B2,C1,C2",389,6
"A1,A2,B1,B2,C1,C2",10469,18
"A1,A2,B1,B2,C1,C2",2772,38
"A1,A2,B1,B2,C1,C2",3526,36
"A1,A2,B1,B2,C1,C2",9388,30
"A1,A2,B1,B2,C1,C2",3142,41
"A1,A2,B1,B2,C1,C2",10538,54
"A1,A2,B1,B2,C1,C2",10073,12
"A1,A2,B1,B2,C1,C2",565,6
"A1,A2,B1,B2,C1,C2",10953,23
"A1,A2,B1,B2,C1,C2",11576,67
"A1,A2,B1,B2,C1,C2",9189,53
"A1,A2,B1,B2,C1,C2",1123,32
"A1,A2,B1,B2,C1,C2",8630,48
"A1,A2,B1,B2,C1,C2",9946,68
"A1,A2,B1,B2,C1,C2",6380,43
"A1,A2,B1,B2,C1,C2",8289,26
"A1,A2,B1,B2,C1,C2",6969,46
"A1,A2,B1,B2,C1,C2",5573,66
"A1,A2,B1,B2,C1,C2",9362,47
"A1,A2,B1,B2,C1,C2",10252,57
"A1,A2,B1,B2,C1,C2",786,17
"A1,A2,B1,B2,C1,C2",5993,52
"A1,A2,B1,B2,C1,C2",3163,42
"A1,A2,B1,B2,C1,C2",9656,49
"A1,A2,B1,B2,C1,C2",8120,35
"A1,A2,B1,B2,C1,C2",9500,5
"A1,A2,B1,B2,C1,C2",11280,6
"A1,A2,B1,B2,C1,C2",6178,7
"A1,A2,B1,B2,C1,C2",9162,40
"A1,A2,B1,B2,C1,C2",6912,65
"A1,A2,B1,B2,C1,C2",520,1
"A1,A2,B1,B2,C1,C2",7336,54
"A1,A2,B1,B2,C1,C2",1626,4
"A1,A2,B1,B2,C1,C2",9219,2
"A1,A2,B1,B2,C1,C2",7650,18
"A1,A2,B1,B2,C1,C2",5939,31
"A1,A2,B1,B2,C1,C2",10987,30
"A1,A2,B1,B2,C1,C2",425,54
"A1,A2,B1,B2,C1,C2",6842,71
"A1,A2,B1,B2,C1,C2",1196,32
"A1,A2,B1,B2,C1,C2",431,12
"A1,A2,B1,B2,C1,C2",5815,10
"A1,A2,B1,B2,C1,C2",9766,4
"A1,A2,B1,B2,C1,C2",324,45
"A1,A2,B1,B2,C1,C2",6151,32
"A1,A2,B1,B2,C1,C2",9573,64
"A1,A2,B1,B2,C1,C2",1988,24
"A1,A2,B1,B2,C1,C2",10005,62
"A1,A2,B1,B2,C1,C2",1605,16
"A1,A2,B1,B2,C1,C2",2705,44
"A1,A2,B1,B2,C1,C2",2050,36
"A1,A2,B1,B2,C1,C2",7733,57
"A1,A2,B1,B2,C1,C2",409,29
"A1,A2,B1,B2,C1,C2",4998,64
"A1,A2,B1,B2,C1,C2",3776,15
"A1,A2,B1,B2,C1,C2",11458,4
"A1,A2,B1,B2,C1,C2",11189,18
"A1,A2,B1,B2,C1,C2",8600,6
"A1,A2,B1,B2,C1,C2",8676,49
"A1,A2,B1,B2,C1,C2",472,8
"A1,A2,B1,B2,C1,C2",5141,42
"A1,A2,B1,B2,C1,C2",1574,19
"A1,A2,B1,B2,C1,C2",11388,1
"A1,A2,B1,B2,C1,C2",8930,14
"A1,A2,B1,B2,C1,C2",2542,62
"A1,A2,B1,B2,C1,C2",3365,21
"A1,A2,B1,B2,C1,C2",2730,6
"A1,A2,B1,B2,C1,C2",2258,47
"A1,A2,B1,B2,C1,C2",10158,70
"A1,A2,B1,B2,C1,C2",7596,55
"A1,A2,B1,B2,C1,C2",10132,2
"A1,A2,B1,B2,C1,C2",7258,7
"A1,A2,B1,B2,C1,C2",4961,11
"A1,A2,B1,B2,C1,C2",9047,54
"A1,A2,B1,B2,C1,C2",5295,43
"A1,A2,B1,B2,C1,C2",9871,33
"A1,A2,B1,B2,C1,C2",7989,68
"A1,A2,B1,B2,C1,C2",2368,31
"A1,A2,B1,B2,C1,C2",4423,61
"A1,A2,B1,B2,C1,C2",649,27
"A1,A2,B1,B2,C1,C2",4610,17
"A1,A2,B1,B2,C1,C2",5361,23
"A1,A2,B1,B2,C1,C2",4681,18
"A1,A2,B1,B2,C1,C2",1499,15
"A1,A2,B1,B2,C1,C2",2564,26
"A1,A2,B1,B2,C1,C2",7151,33
"A1,A2,B1,B2,C1,C2",2407,18
"A1,A2,B1,B2,C1,C2",11161,56
"A1,A2,B1,B2,C1,C2",5081,69
"A1,A2,B1,B2,C1,C2",9912,60
"A1,A2,B1,B2,C1,C2",4338,66
"A1,A2,B1,B2,C1,C2",1341,32
"A1,A2,B1,B2,C1,C2",5835,34
"A1,A2,B1,B2,C1,C2",4171,25
"A1,A2,B1,B2,C1,C2",9454,36
"A1,A2,B1,B2,C1,C2",2286,28
"A1,A2,B1,B2,C1,C2",3231,52
"A1,A2,B1,B2,C1,C2",10468,62
"A1,A2,B1,B2,C1,C2",5377,63
"A1,A2,B1,B2,C1,C2",2025,11
"A1,A2,B1,B2,C1,C2",10949,3
"A1,A2,B1,B2,C1,C2",4803,41
"A1,A2,B1,B2,C1,C2",3912,71
"A1,A2,B1,B2,C1,C2",3918,65
"A1,A2,B1,B2,C1,C2",5182,28
"A1,A2,B1,B2,C1,C2",4480,62
"A1,A2,B1,B2,C1,C2",3122,15
"A1,A2,B1,B2,C1,C2",1378,38
"A1,A2,B1,B2,C1,C2",3485,22
"A1,A2,B1,B2,C1,C2",8106,51
"A1,A2,B1,B2,C1,C2",10852,39
"A1,A2,B1,B2,C1,C2",3286,55
"A1,A2,B1,B2,C1,C2",10716,66
"A1,A2,B1,B2,C1,C2",6031,61
"A1,A2,B1,B2,C1,C2",2363,40
"A1,A2,B1,B2,C1,C2",10086,2
"A1,A2,B1,B2,C1,C2",7853,14
"A1,A2,B1,B2,C1,C2",2984,70
"A1,A2,B1,B2,C1,C2",8230,52
"A1,A2,B1,B2,C1,C2",2606,16
"A1,A2,B1,B2,C1,C2",10205,48
"A1,A2,B1,B2,C1,C2",4389,66
"A1,A2,B1,B2,C1,C2",2537,12
"A1,A2,B1,B2,C1,C2",220,13
"A1,A2,B1,B2,C1,C2",3161,69
"A1,A2,B1,B2,C1,C2",9246,33
"A1,A2,B1,B2,C1,C2",11443,46
"A1,A2,B1,B2,C1,C2",6132,41
"A1,A2,B1,B2,C1,C2",9775,54
"A1,A2,B1,B2,C1,C2",3296,4
"A1,A2,B1,B2,C1,C2",1785,46
"A1,A2,B1,B2,C1,C2",5313,46
"A1,A2,B1,B2,C1,C2",410,24
"A1,A2,B1,B2,C1,C2",2930,9
"A1,A2,B1,B2,C1,C2",1932,14
"A1,A2,B1,B2,C1,C2",3363,36
"A1,A2,B1,B2,C1,C2",2981,28
"A1,A2,B1,B2,C1,C2",1989,1
"A1,A2,B1,B2,C1,C2",2776,56
"A1,A2,B1,B2,C1,C2",6475,23
"A1,A2,B1,B2,C1,C2",8348,8
"A1,A2,B1,B2,C1,C2",11537,60
"A1,A2,B1,B2,C1,C2",5310,17
"A1,A2,B1,B2,C1,C2",9276,41
"A1,A2,B1,B2,C1,C2",1903,70
"A1,A2,B1,B2,C1,C2",10757,40
"A1,A2,B1,B2,C1,C2",2301,51
"A1,A2,B1,B2,C1,C2",1306,1
"A1,A2,B1,B2,C1,C2",4364,72
"A1,A2,B1,B2,C1,C2",6609,6
"A1,A2,B1,B2,C1,C2",7506,35
"A1,A2,B1,B2,C1,C2",1685,64
"A1,A2,B1,B2,C1,C2",1745,55
"A1,A2,B1,B2,C1,C2",4342,26
"A1,A2,B1,B2,C1,C2",10501,61
"A1,A2,B1,B2,C1,C2",71,48
"A1,A2,B1,B2,C1,C2",7601,33
"A1,A2,B1,B2,C1,C2",11443,16
"A1,A2,B1,B2,C1,C2",11482,10
"A1,A2,B1,B2,C1,C2",11559,3
"A1,A2,B1,B2,C1,C2",4599,67
"A1,A2,B1,B2,C1,C2",3243,17
"A1,A2,B1,B2,C1,C2",8676,30
"A1,A2,B1,B2,C1,C2",8642,11
"A1,A2,B1,B2,C1,C2",374,34
"A1,A2,B1,B2,C1,C2",8468,25
"A1,A2,B1,B2,C1,C2",11073,17
"A1,A2,B1,B2,C1,C2",2937,62
"A1,A2,B1,B2,C1,C2",8351,45
"A1,A2,B1,B2,C1,C2",1314,34
"A1,A2,B1,B2,C1,C2",409,63
"A1,A2,B1,B2,C1,C2",2310,60
"A1,A2,B1,B2,C1,C2",9623,3
"A1,A2,B1,B2,C1,C2",9580,29
"A1,A2,B1,B2,C1,C2",5327,26
"A1,A2,B1,B2,C1,C2",6710,70
"A1,A2,B1,B2,C1,C2",850,54
"A1,A2,B1,B2,C1,C2",3288,66
"A1,A2,B1,B2,C1,C2",4868,44
"A1,A2,B1,B2,C1,C2",8965,72
"A1,A2,B1,B2,C1,C2",3639,4
"A1,A2,B1,B2,C1,C2",6482,33
"A1,A2,B1,B2,C1,C2",786,17
"A1,A2,B1,B2,C1,C2",6021,72
"A1,A2,B1,B2,C1,C2",5888,52
"A1,A2,B1,B2,C1,C2",10354,16
"A1,A2,B1,B2,C1,C2",7522,52
"A1,A2,B1,B2,C1,C2",7684,19
"A1,A2,B1,B2,C1,C2",7076,28
"A1,A2,B1,B2,C1,C2",9050,43
"A1,A2,B1,B2,C1,C2",946,6
"A1,A2,B1,B2,C1,C2",4014,27
"A1,A2,B1,B2,C1,C2",6359,70
"A1,A2,B1,B2,C1,C2",8371,40
"A1,A2,B1,B2,C1,C2",9150,39
"A1,A2,B1,B2,C1,C2",2614,11
"A1,A2,B1,B2,C1,C2",1900,48
"A1,A2,B1,B2,C1,C2",5401,19
"A1,A2,B1,B2,C1,C2",4196,66
"A1,A2,B1,B2,C1,C2",3638,66
"A1,A2,B1,B2,C1,C2",11520,60
"A1,A2,B1,B2,C1,C2",11294,71
"A1,A2,B1,B2,C1,C2",6462,22
"A1,A2,B1,B2,C1,C2",6815,39
"A1,A2,B1,B2,C1,C2",6195,39
"A1,A2,B1,B2,C1,C2",11446,21
"A1,A2,B1,B2,C1,C2",5705,69
"A1,A2,B1,B2,C1,C2",6059,11
"A1,A2,B1,B2,C1,C2",2867,46
"A1,A2,B1,B2,C1,C2",5033,71
"A1,A2,B1,B2,C1,C2",8688,25
"A1,A2,B1,B2,C1,C2",3458,70
"A1,A2,B1,B2,C1,C2",1329,41
"A1,A2,B1,B2,C1,C2",10201,18
"A1,A2,B1,B2,C1,C2",5331,38
"A1,A2,B1,B2,C1,C2",8221,26
"A1,A2,B1,B2,C1,C2",2726,25
"A1,A2,B1,B2,C1,C2",10285,55
"A1,A2,B1,B2,C1,C2",4718,17
"A1,A2,B1,B2,C1,C2",5837,54
"A1,A2,B1,B2,C1,C2",654,36
"A1,A2,B1,B2,C1,C2",6678,33
"A1,A2,B1,B2,C1,C2",822,27
"A1,A2,B1,B2,C1,C2",8351,71
"A1,A2,B1,B2,C1,C2",5677,22
"A1,A2,B1,B2,C1,C2",549,40
"A1,A2,B1,B2,C1,C2",3692,55
"A1,A2,B1,B2,C1,C2",9344,52
"A1,A2,B1,B2,C1,C2",10813,5
"A1,A2,B1,B2,C1,C2",7848,37
"A1,A2,B1,B2,C1,C2",8321,59
"A1,A2,B1,B2,C1,C2",609,62
"A1,A2,B1,B2,C1,C2",11330,58
"A1,A2,B1,B2,C1,C2",5095,19
"A1,A2,B1,B2,C1,C2",8354,47
"A1,A2,B1,B2,C1,C2",8190,3
"A1,A2,B1,B2,C1,C2",10918,12
"A1,A2,B1,B2,C1,C2",6500,51
"A1,A2,B1,B2,C1,C2",5370,10
"A1,A2,B1,B2,C1,C2",10718,18
"A1,A2,B1,B2,C1,C2",2901,4
"A1,A2,B1,B2,C1,C2",9610,44
"A1,A2,B1,B2,C1,C2",8433,19
"A1,A2,B1,B2,C1,C2",6637,59
"A1,A2,B1,B2,C1,C2",3248,49
"A1,A2,B1,B2,C1,C2",2551,20
"A1,A2,B1,B2,C1,C2",10485,46
"A1,A2,B1,B2,C1,C2",10657,62
"A1,A2,B1,B2,C1,C2",6984,68
"A1,A2,B1,B2,C1,C2",5660,62
"A1,A2,B1,B2,C1,C2",8002,45
"A1,A2,B1,B2,C1,C2",8199,1
"A1,A2,B1,B2,C1,C2",7167,22
"A1,A2,B1,B2,C1,C2",8028,8
"A1,A2,B1,B2,C1,C2",1518,41
"A1,A2,B1,B2,C1,C2",4029,58
"A1,A2,B1,B2,C1,C2",362,62
"A1,A2,B1,B2,C1,C2",1150,66
"A1,A2,B1,B2,C1,C2",4624,41
"A1,A2,B1,B2,C1,C2",8372,19
"A1,A2,B1,B2,C1,C2",5121,51
"A1,A2,B1,B2,C1,C2",2178,71
"A1,A2,B1,B2,C1,C2",9970,50
"A1,A2,B1,B2,C1,C2",506,67
"A1,A2,B1,B2,C1,C2",8270,35
"A1,A2,B1,B2,C1,C2",3340,48
"A1,A2,B1,B2,C1,C2",7746,2
"A1,A2,B1,B2,C1,C2",10201,17
"A1,A2,B1,B2,C1,C2",1384,34
"A1,A2,B1,B2,C1,C2",8099,16
"A1,A2,B1,B2,C1,C2",9413,15
"A1,A2,B1,B2,C1,C2",5352,68
"A1,A2,B1,B2,C1,C2",4904,20
"A1,A2,B1,B2,C1,C2",4322,44
"A1,A2,B1,B2,C1,C2",9427,54
"A1,A2,B1,B2,C1,C2",2008,51
"A1,A2,B1,B2,C1,C2",8123,25
"A1,A2,B1,B2,C1,C2",9888,64
"A1,A2,B1,B2,C1,C2",518,1
"A1,A2,B1,B2,C1,C2",9137,41
"A1,A2,B1,B2,C1,C2",9798,72
"A1,A2,B1,B2,C1,C2",7091,12
"A1,A2,B1,B2,C1,C2",5721,48
"A1,A2,B1,B2,C1,C2",6173,26
"A1,A2,B1,B2,C1,C2",9009,59
"A1,A2,B1,B2,C1,C2",4639,25
"A1,A2,B1,B2,C1,C2",9605,58
"A1,A2,B1,B2,C1,C2",1841,19
"A1,A2,B1,B2,C1,C2",1061,36
"A1,A2,B1,B2,C1,C2",120,4
"A1,A2,B1,B2,C1,C2",3198,19
"A1,A2,B1,B2,C1,C2",6974,39
"A1,A2,B1,B2,C1,C2",876,30
"A1,A2,B1,B2,C1,C2",7689,35
"A1,A2,B1,B2,C1,C2",11488,31
"A1,A2,B1,B2,C1,C2",680,24
"A1,A2,B1,B2,C1,C2",621,11
"A1,A2,B1,B2,C1,C2",5550,31
"A1,A2,B1,B2,C1,C2",4496,34
"A1,A2,B1,B2,C1,C2",6249,41
"A1,A2,B1,B2,C1,C2",2583,52
"A1,A2,B1,B2,C1,C2",6507,66
"A1,A2,B1,B2,C1,C2",11337,27
"A1,A2,B1,B2,C1,C2",6149,26
"A1,A2,B1,B2,C1,C2",2378,13
"A1,A2,B1,B2,C1,C2",8986,11
"A1,A2,B1,B2,C1,C2",9010,44
"A1,A2,B1,B2,C1,C2",3957,47
"A1,A2,B1,B2,C1,C2",8614,23
"A1,A2,B1,B2,C1,C2",10540,13
"A1,A2,B1,B2,C1,C2",915,44
"A1,A2,B1,B2,C1,C2",781,50
"A1,A2,B1,B2,C1,C2",508,16
"A1,A2,B1,B2,C1,C2",9240,54
"A1,A2,B1,B2,C1,C2",2217,5
"A1,A2,B1,B2,C1,C2",2328,38
"A1,A2,B1,B2,C1,C2",3231,70
"A1,A2,B1,B2,C1,C2",5940,47
"A1,A2,B1,B2,C1,C2",4130,43
"A1,A2,B1,B2,C1,C2",1244,6
"A1,A2,B1,B2,C1,C2",9782,33
"A1,A2,B1,B2,C1,C2",400,44
"A1,A2,B1,B2,C1,C2",7628,10
"A1,A2,B1,B2,C1,C2",6837,12
"A1,A2,B1,B2,C1,C2",2416,36
"A1,A2,B1,B2,C1,C2",5362,60
"A1,A2,B1,B2,C1,C2",1759,9
"A1,A2,B1,B2,C1,C2",2552,46
"A1,A2,B1,B2,C1,C2",8053,38
"A1,A2,B1,B2,C1,C2",8986,41
"A1,A2,B1,B2,C1,C2",1355,29
"A1,A2,B1,B2,C1,C2",7196,29
"A1,A2,B1,B2,C1,C2",6639,36
"A1,A2,B1,B2,C1,C2",1695,10
"A1,A2,B1,B2,C1,C2",9536,32
"A1,A2,B1,B2,C1,C2",11324,5
"A1,A2,B1,B2,C1,C2",5872,3
"A1,A2,B1,B2,C1,C2",4465,26
"A1,A2,B1,B2,C1,C2",10163,20
"A1,A2,B1,B2,C1,C2",10932,24
"A1,A2,B1,B2,C1,C2",1828,35
"A1,A2,B1,B2,C1,C2",6448,51
"A1,A2,B1,B2,C1,C2",8853,11
"A1,A2,B1,B2,C1,C2",4426,71
"A1,A2,B1,B2,C1,C2",7756,5
"A1,A2,B1,B2,C1,C2",2930,64
"A1,A2,B1,B2,C1,C2",758,25
"A1,A2,B1,B2,C1,C2",10054,20
"A1,A2,B1,B2,C1,C2",6029,44
"A1,A2,B1,B2,C1,C2",7254,58
"A1,A2,B1,B2,C1,C2",5207,69
"A1,A2,B1,B2,C1,C2",11403,1
"A1,A2,B1,B2,C1,C2",2982,10
"A1,A2,B1,B2,C1,C2",4296,8
"A1,A2,B1,B2,C1,C2",473,1
"A1,A2,B1,B2,C1,C2",11002,3
"A1,A2,B1,B2,C1,C2",10812,2
"A1,A2,B1,B2,C1,C2",6897,40
"A1,A2,B1,B2,C1,C2",3661,62
"A1,A2,B1,B2,C1,C2",3004,58
"A1,A2,B1,B2,C1,C2",3608,71
"A1,A2,B1,B2,C1,C2",10657,71
"A1,A2,B1,B2,C1,C2",7020,23
"A1,A2,B1,B2,C1,C2",10708,66
"A1,A2,B1,B2,C1,C2",3623,29
"A1,A2,B1,B2,C1,C2",3663,22
"A1,A2,B1,B2,C1,C2",3516,9
"A1,A2,B1,B2,C1,C2",8753,39
"A1,A2,B1,B2,C1,C2",7164,49
"A1,A2,B1,B2,C1,C2",9421,57
"A1,A2,B1,B2,C1,C2",10021,17
"A1,A2,B1,B2,C1,C2",2628,34
"A1,A2,B1,B2,C1,C2",7637,39
"A1,A2,B1,B2,C1,C2",1562,36
"A1,A2,B1,B2,C1,C2",1680,7
"A1,A2,B1,B2,C1,C2",2377,46
"A1,A2,B1,B2,C1,C2",1689,31
"A1,A2,B1,B2,C1,C2",2253,5
"A1,A2,B1,B2,C1,C2",7981,67
"A1,A2,B1,B2,C1,C2",2969,44
"A1,A2,B1,B2,C1,C2",9417,42
"A1,A2,B1,B2,C1,C2",10812,24
"A1,A2,B1,B2,C1,C2",4725,66
"A1,A2,B1,B2,C1,C2",3061,37
"A1,A2,B1,B2,C1,C2",3383,33
"A1,A2,B1,B2,C1,C2",6552,63
"A1,A2,B1,B2,C1,C2",2126,60
"A1,A2,B1,B2,C1,C2",5457,55
"A1,A2,B1,B2,C1,C2",8342,60
"A1,A2,B1,B2,C1,C2",5806,66
"A1,A2,B1,B2,C1,C2",5190,20
"A1,A2,B1,B2,C1,C2",9652,40
"A1,A2,B1,B2,C1,C2",7700,49
"A1,A2,B1,B2,C1,C2",11433,68
"A1,A2,B1,B2,C1,C2",7785,1
"A1,A2,B1,B2,C1,C2",8150,24
"A1,A2,B1,B2,C1,C2",9879,20
"A1,A2,B1,B2,C1,C2",11136,2
"A1,A2,B1,B2,C1,C2",9614,52
"A1,A2,B1,B2,C1,C2",2646,70
"A1,A2,B1,B2,C1,C2",3057,32
"A1,A2,B1,B2,C1,C2",5646,57
"A1,A2,B1,B2,C1,C2",4880,12
"A1,A2,B1,B2,C1,C2",9371,57
"A1,A2,B1,B2,C1,C2",2242,37
"A1,A2,B1,B2,C1,C2",2278,56
"A1,A2,B1,B2,C1,C2",2121,36
"A1,A2,B1,B2,C1,C2",8741,28
"A1,A2,B1,B2,C1,C2",10793,64
"A1,A2,B1,B2,C1,C2",9614,23
"A1,A2,B1,B2,C1,C2",10028,62
"A1,A2,B1,B2,C1,C2",3650,13
"A1,A2,B1,B2,C1,C2",11327,4
"A1,A2,B1,B2,C1,C2",954,23
"A1,A2,B1,B2,C1,C2",11109,70
"A1,A2,B1,B2,C1,C2",9972,14
"A1,A2,B1,B2,C1,C2",9534,68
"A1,A2,B1,B2,C1,C2",9056,9
"A1,A2,B1,B2,C1,C2",7801,29
"A1,A2,B1,B2,C1,C2",10150,49
"A1,A2,B1,B2,C1,C2",4038,22
"A1,A2,B1,B2,C1,C2",9747,68
"A1,A2,B1,B2,C1,C2",6854,40
"A1,A2,B1,B2,C1,C2",2377,28
"A1,A2,B1,B2,C1,C2",6425,63
"A1,A2,B1,B2,C1,C2",2231,15
"A1,A2,B1,B2,C1,C2",3001,44
"A1,A2,B1,B2,C1,C2",5051,39
"A1,A2,B1,B2,C1,C2",6356,44
"A1,A2,B1,B2,C1,C2",11134,67
"A1,A2,B1,B2,C1,C2",3835,13
"A1,A2,B1,B2,C1,C2",8473,22
"A1,A2,B1,B2,C1,C2",4305,69
"A1,A2,B1,B2,C1,C2",2060,7
"A1,A2,B1,B2,C1,C2",4665,15
"A1,A2,B1,B2,C1,C2",847,39
"A1,A2,B1,B2,C1,C2",8992,72
"A1,A2,B1,B2,C1,C2",2245,54
"A1,A2,B1,B2,C1,C2",1516,42
"A1,A2,B1,B2,C1,C2",11222,58
"A1,A2,B1,B2,C1,C2",10724,39
"A1,A2,B1,B2,C1,C2",5510,9
"A1,A2,B1,B2,C1,C2",1402,32
"A1,A2,B1,B2,C1,C2",7878,67
"A1,A2,B1,B2,C1,C2",2599,58
"A1,A2,B1,B2,C1,C2",3176,38
"A1,A2,B1,B2,C1,C2",2599,41
"A1,A2,B1,B2,C1,C2",3785,14
"A1,A2,B1,B2,C1,C2",10449,68
"A1,A2,B1,B2,C1,C2",3670,15
"A1,A2,B1,B2,C1,C2",8646,1
"A1,A2,B1,B2,C1,C2",5128,27
"A1,A2,B1,B2,C1,C2",11572,4
"A1,A2,B1,B2,C1,C2",9517,39
"A1,A2,B1,B2,C1,C2",5755,25
"A1,A2,B1,B2,C1,C2",5458,11
"A1,A2,B1,B2,C1,C2",1973,38
"A1,A2,B1,B2,C1,C2",4582,27
"A1,A2,B1,B2,C1,C2",8789,47
"A1,A2,B1,B2,C1,C2",6015,61
"A1,A2,B1,B2,C1,C2",10588,54
"A1,A2,B1,B2,C1,C2",2434,11
"A1,A2,B1,B2,C1,C2",8571,58
"A1,A2,B1,B2,C1,C2",4146,23
"A1,A2,B1,B2,C1,C2",8255,12
"A1,A2,B1,B2,C1,C2",10003,24
"A1,A2,B1,B2,C1,C2",5225,58
"A1,A2,B1,B2,C1,C2",5669,24
"A1,A2,B1,B2,C1,C2",9116,28
"A1,A2,B1,B2,C1,C2",4167,12
"A1,A2,B1,B2,C1,C2",7427,59
"A1,A2,B1,B2,C1,C2",5875,3
"A1,A2,B1,B2,C1,C2",9273,49
"A1,A2,B1,B2,C1,C2",7895,19
"A1,A2,B1,B2,C1,C2",3420,66
"A1,A2,B1,B2,C1,C2",11225,71
"A1,A2,B1,B2,C1,C2",11184,5
"A1,A2,B1,B2,C1,C2",4075,65
"A1,A2,B1,B2,C1,C2",3198,63
"A1,A2,B1,B2,C1,C2",9408,64
"A1,A2,B1,B2,C1,C2",5086,19
"A1,A2,B1,B2,C1,C2",2069,26
"A1,A2,B1,B2,C1,C2",2210,31
"A1,A2,B1,B2,C1,C2",9049,59
"A1,A2,B1,B2,C1,C2",444,28
"A1,A2,B1,B2,C1,C2",8337,60
"A1,A2,B1,B2,C1,C2",8387,66
"A1,A2,B1,B2,C1,C2",8269,50
"A1,A2,B1,B2,C1,C2",5776,30
"A1,A2,B1,B2,C1,C2",2441,29
"A1,A2,B1,B2,C1,C2",10735,29
"A1,A2,B1,B2,C1,C2",4402,6
"A1,A2,B1,B2,C1,C2",308,34
"A1,A2,B1,B2,C1,C2",1977,42
"A1,A2,B1,B2,C1,C2",10158,41
"A1,A2,B1,B2,C1,C2",8724,8
"A1,A2,B1,B2,C1,C2",1872,14
"A1,A2,B1,B2,C1,C2",4016,38
"A1,A2,B1,B2,C1,C2",1007,61
"A1,A2,B1,B2,C1,C2",2924,35
"A1,A2,B1,B2,C1,C2",9475,64
"A1,A2,B1,B2,C1,C2",6548,10
"A1,A2,B1,B2,C1,C2",8115,24
"A1,A2,B1,B2,C1,C2",7443,24
"A1,A2,B1,B2,C1,C2",3622,47
"A1,A2,B1,B2,C1,C2",3973,57
"A1,A2,B1,B2,C1,C2",3762,3
"A1,A2,B1,B2,C1,C2",9248,21
"A1,A2,B1,B2,C1,C2",5421,56
"A1,A2,B1,B2,C1,C2",9685,43
"A1,A2,B1,B2,C1,C2",9993,48
"A1,A2,B1,B2,C1,C2",11080,50
"A1,A2,B1,B2,C1,C2",1749,30
"A1,A2,B1,B2,C1,C2",522,49
"A1,A2,B1,B2,C1,C2",545,41
"A1,A2,B1,B2,C1,C2",9693,29
"A1,A2,B1,B2,C1,C2",6243,70
"A1,A2,B1,B2,C1,C2",5966,15
"A1,A2,B1,B2,C1,C2",7635,69
"A1,A2,B1,B2,C1,C2",2905,56
"A1,A2,B1,B2,C1,C2",1314,64
"A1,A2,B1,B2,C1,C2",11364,27
"A1,A2,B1,B2,C1,C2",7493,10
"A1,A2,B1,B2,C1,C2",4601,2
"A1,A2,B1,B2,C1,C2",4183,70
"A1,A2,B1,B2,C1,C2",4480,61
"A1,A2,B1,B2,C1,C2",7357,24
"A1,A2,B1,B2,C1,C2",3155,36
"A1,A2,B1,B2,C1,C2",6074,46
"A1,A2,B1,B2,C1,C2",5674,53
"A1,A2,B1,B2,C1,C2",2371,24
"A1,A2,B1,B2,C1,C2",193,58
"A1,A2,B1,B2,C1,C2",7954,69
"A1,A2,B1,B2,C1,C2",2833,9
"A1,A2,B1,B2,C1,C2",6315,63
"A1,A2,B1,B2,C1,C2",259,50
"A1,A2,B1,B2,C1,C2",10119,20
"A1,A2,B1,B2,C1,C2",5573,20
"A1,A2,B1,B2,C1,C2",5076,29
"A1,A2,B1,B2,C1,C2",7155,51
"A1,A2,B1,B2,C1,C2",8383,16
"A1,A2,B1,B2,C1,C2",8182,58
"A1,A2,B1,B2,C1,C2",9396,69
"A1,A2,B1,B2,C1,C2",3985,28
"A1,A2,B1,B2,C1,C2",552,22
"A1,A2,B1,B2,C1,C2",6223,55
"A1,A2,B1,B2,C1,C2",2045,37
"A1,A2,B1,B2,C1,C2",4718,63
"A1,A2,B1,B2,C1,C2",7747,53
"A1,A2,B1,B2,C1,C2",7802,33
"A1,A2,B1,B2,C1,C2",7857,41
"A1,A2,B1,B2,C1,C2",7707,47
"A1,A2,B1,B2,C1,C2",4024,66
"A1,A2,B1,B2,C1,C2",5308,3
"A1,A2,B1,B2,C1,C2",8460,48
"A1,A2,B1,B2,C1,C2",11471,1
"A1,A2,B1,B2,C1,C2",657,27
"A1,A2,B1,B2,C1,C2",2135,12
"A1,A2,B1,B2,C1,C2",2217,25
"A1,A2,B1,B2,C1,C2",11381,71
"A1,A2,B1,B2,C1,C2",7131,67
"A1,A2,B1,B2,C1,C2",11517,15
"A1,A2,B1,B2,C1,C2",212,5
"A1,A2,B1,B2,C1,C2",3476,14
"A1,A2,B1,B2,C1,C2",1910,46
"A1,A2,B1,B2,C1,C2",3608,34
"A1,A2,B1,B2,C1,C2",6168,21
"A1,A2,B1,B2,C1,C2",3537,35
"A1,A2,B1,B2,C1,C2",10280,47
"A1,A2,B1,B2,C1,C2",5216,20
"A1,A2,B1,B2,C1,C2",533,56
"A1,A2,B1,B2,C1,C2",8810,22
"A1,A2,B1,B2,C1,C2",1390,45
"A1,A2,B1,B2,C1,C2",3207,28
"A1,A2,B1,B2,C1,C2",7870,45
"A1,A2,B1,B2,C1,C2",4942,72
"A1,A2,B1,B2,C1,C2",5884,17
"A1,A2,B1,B2,C1,C2",10691,52
"A1,A2,B1,B2,C1,C2",2892,10
"A1,A2,B1,B2,C1,C2",3252,3
"A1,A2,B1,B2,C1,C2",2917,64
"A1,A2,B1,B2,C1,C2",3457,16
"A1,A2,B1,B2,C1,C2",7227,5
"A1,A2,B1,B2,C1,C2",7994,20
"A1,A2,B1,B2,C1,C2",10098,71
"A1,A2,B1,B2,C1,C2",3805,36
"A1,A2,B1,B2,C1,C2",3495,33
"A1,A2,B1,B2,C1,C2",3236,22
"A1,A2,B1,B2,C1,C2",554,49
"A1,A2,B1,B2,C1,C2",8326,65
"A1,A2,B1,B2,C1,C2",5514,56
"A1,A2,B1,B2,C1,C2",3024,22
"A1,A2,B1,B2,C1,C2",7703,37
"A1,A2,B1,B2,C1,C2",2395,50
"A1,A2,B1,B2,C1,C2",6791,9
"A1,A2,B1,B2,C1,C2",3298,44
"A1,A2,B1,B2,C1,C2",270,44
"A1,A2,B1,B2,C1,C2",8565,21
"A1,A2,B1,B2,C1,C2",7548,6
"A1,A2,B1,B2,C1,C2",8962,22
"A1,A2,B1,B2,C1,C2",4437,29
"A1,A2,B1,B2,C1,C2",7153,11
"A1,A2,B1,B2,C1,C2",7396,40
"A1,A2,B1,B2,C1,C2",6247,27
"A1,A2,B1,B2,C1,C2",6557,64
"A1,A2,B1,B2,C1,C2",1743,36
"A1,A2,B1,B2,C1,C2",4475,49
"A1,A2,B1,B2,C1,C2",8667,13
"A1,A2,B1,B2,C1,C2",9260,68
"A1,A2,B1,B2,C1,C2",2176,3
"A1,A2,B1,B2,C1,C2",6194,25
"A1,A2,B1,B2,C1,C2",7971,65
"A1,A2,B1,B2,C1,C2",5533,57
"A1,A2,B1,B2,C1,C2",9531,67
"A1,A2,B1,B2,C1,C2",1537,51
"A1,A2,B1,B2,C1,C2",11450,49
"A1,A2,B1,B2,C1,C2",782,60
"A1,A2,B1,B2,C1,C2",6284,5
"A1,A2,B1,B2,C1,C2",5418,49
"A1,A2,B1,B2,C1,C2",229,31
"A1,A2,B1,B2,C1,C2",7081,39
"A1,A2,B1,B2,C1,C2",11052,48
"A1,A2,B1,B2,C1,C2",11458,20
"A1,A2,B1,B2,C1,C2",301,66
"A1,A2,B1,B2,C1,C2",3184,23
"A1,A2,B1,B2,C1,C2",1435,30
"A1,A2,B1,B2,C1,C2",11221,17
"A1,A2,B1,B2,C1,C2",9158,26
"A1,A2,B1,B2,C1,C2",301,65
"A1,A2,B1,B2,C1,C2",8724,2
"A1,A2,B1,B2,C1,C2",8511,9
"A1,A2,B1,B2,C1,C2",5001,27
"A1,A2,B1,B2,C1,C2",5772,34
"A1,A2,B1,B2,C1,C2",10104,5
"A1,A2,B1,B2,C1,C2",2614,71
"A1,A2,B1,B2,C1,C2",3530,32
"A1,A2,B1,B2,C1,C2",3107,33
"A1,A2,B1,B2,C1,C2",9504,47
"A1,A2,B1,B2,C1,C2",2163,65
"A1,A2,B1,B2,C1,C2",2657,61
"A1,A2,B1,B2,C1,C2",11256,18
"A1,A2,B1,B2,C1,C2",6409,11
"A1,A2,B1,B2,C1,C2",10042,61
"A1,A2,B1,B2,C1,C2",8870,62
"A1,A2,B1,B2,C1,C2",8412,28
"A1,A2,B1,B2,C1,C2",2413,62
"A1,A2,B1,B2,C1,C2",6375,28
"A1,A2,B1,B2,C1,C2",3771,51
"A1,A2,B1,B2,C1,C2",10682,61
"A1,A2,B1,B2,C1,C2",207,35
"A1,A2,B1,B2,C1,C2",7416,16
"A1,A2,B1,B2,C1,C2",9832,20
"A1,A2,B1,B2,C1,C2",481,47
"A1,A2,B1,B2,C1,C2",3383,15
"A1,A2,B1,B2,C1,C2",7331,15
"A1,A2,B1,B2,C1,C2",6909,16
"A1,A2,B1,B2,C1,C2",324,25
"A1,A2,B1,B2,C1,C2",4953,39
"A1,A2,B1,B2,C1,C2",10957,36
"A1,A2,B1,B2,C1,C2",11156,32
"A1,A2,B1,B2,C1,C2",1998,29
"A1,A2,B1,B2,C1,C2",817,5
"A1,A2,B1,B2,C1,C2",8303,46
"A1,A2,B1,B2,C1,C2",6430,3
"A1,A2,B1,B2,C1,C2",8605,49
"A1,A2,B1,B2,C1,C2",5964,20
"A1,A2,B1,B2,C1,C2",6710,18
"A1,A2,B1,B2,C1,C2",1481,26
"A1,A2,B1,B2,C1,C2",6193,37
"A1,A2,B1,B2,C1,C2",6173,55
"A1,A2,B1,B2,C1,C2",6163,9
"A1,A2,B1,B2,C1,C2",9248,36
"A1,A2,B1,B2,C1,C2",3011,70
"A1,A2,B1,B2,C1,C2",8438,2
"A1,A2,B1,B2,C1,C2",9522,30
"A1,A2,B1,B2,C1,C2",4755,56
"A1,A2,B1,B2,C1,C2",4338,56
"A1,A2,B1,B2,C1,C2",11477,21
"A1,A2,B1,B2,C1,C2",2087,57
"A1,A2,B1,B2,C1,C2",8217,62
"A1,A2,B1,B2,C1,C2",4812,50
"A1,A2,B1,B2,C1,C2",8801,15
"A1,A2,B1,B2,C1,C2",3076,31
"A1,A2,B1,B2,C1,C2",2981,60
"A1,A2,B1,B2,C1,C2",1597,28
"A1,A2,B1,B2,C1,C2",10389,65
"A1,A2,B1,B2,C1,C2",2666,48
"A1,A2,B1,B2,C1,C2",859,35
"A1,A2,B1,B2,C1,C2",10280,40
"A1,A2,B1,B2,C1,C2",7627,19
"A1,A2,B1,B2,C1,C2",8974,40
"A1,A2,B1,B2,C1,C2",10673,4
"A1,A2,B1,B2,C1,C2",6633,44
"A1,A2,B1,B2,C1,C2",9993,39
"A1,A2,B1,B2,C1,C2",6178,36
"A1,A2,B1,B2,C1,C2",367,9
"A1,A2,B1,B2,C1,C2",8286,15
"A1,A2,B1,B2,C1,C2",9309,43
"A1,A2,B1,B2,C1,C2",437,27
"A1,A2,B1,B2,C1,C2",11184,2
"A1,A2,B1,B2,C1,C2",89,43
"A1,A2,B1,B2,C1,C2",719,64
"A1,A2,B1,B2,C1,C2",6432,9
"A1,A2,B1,B2,C1,C2",9438,64
"A1,A2,B1,B2,C1,C2",9051,2
"A1,A2,B1,B2,C1,C2",10722,20
"A1,A2,B1,B2,C1,C2",3679,48
"A1,A2,B1,B2,C1,C2",4374,27
"A1,A2,B1,B2,C1,C2",11123,64
"A1,A2,B1,B2,C1,C2",7116,23
"A1,A2,B1,B2,C1,C2",9822,71
"A1,A2,B1,B2,C1,C2",11123,11
"A1,A2,B1,B2,C1,C2",5367,62
"A1,A2,B1,B2,C1,C2",2985,53
"A1,A2,B1,B2,C1,C2",351,32
"A1,A2,B1,B2,C1,C2",10053,65
"A1,A2,B1,B2,C1,C2",1978,39
"A1,A2,B1,B2,C1,C2",2733,70
"A1,A2,B1,B2,C1,C2",551,38
"A1,A2,B1,B2,C1,C2",4015,23
"A1,A2,B1,B2,C1,C2",4247,39
"A1,A2,B1,B2,C1,C2",11452,24
"A1,A2,B1,B2,C1,C2",8372,32
"A1,A2,B1,B2,C1,C2",9256,5
"A1,A2,B1,B2,C1,C2",10706,4
"A1,A2,B1,B2,C1,C2",9631,69
"A1,A2,B1,B2,C1,C2",9524,28
"A1,A2,B1,B2,C1,C2",4529,8
"A1,A2,B1,B2,C1,C2",4296,2
"A1,A2,B1,B2,C1,C2",10369,26
"A1,A2,B1,B2,C1,C2",5727,29
"A1,A2,B1,B2,C1,C2",4401,15
"A1,A2,B1,B2,C1,C2",2214,15
"A1,A2,B1,B2,C1,C2",5217,63
"A1,A2,B1,B2,C1,C2",8395,67
"A1,A2,B1,B2,C1,C2",4275,9
"A1,A2,B1,B2,C1,C2",141,4
"A1,A2,B1,B2,C1,C2",7393,51
"A1,A2,B1,B2,C1,C2",8667,39
"A1,A2,B1,B2,C1,C2",617,68
"A1,A2,B1,B2,C1,C2",9621,28
"A1,A2,B1,B2,C1,C2",5695,30
"A1,A2,B1,B2,C1,C2",11291,36
"A1,A2,B1,B2,C1,C2",545,26
"A1,A2,B1,B2,C1,C2",9949,26
"A1,A2,B1,B2,C1,C2",2977,49
"A1,A2,B1,B2,C1,C2",5314,41
"A1,A2,B1,B2,C1,C2",5094,50
"A1,A2,B1,B2,C1,C2",2168,60
"A1,A2,B1,B2,C1,C2",1963,21
"A1,A2,B1,B2,C1,C2",6269,67
"A1,A2,B1,B2,C1,C2",4961,53
"A1,A2,B1,B2,C1,C2",6321,17
"A1,A2,B1,B2,C1,C2",8743,14
"A1,A2,B1,B2,C1,C2",2116,18
"A1,A2,B1,B2,C1,C2",1101,33
"A1,A2,B1,B2,C1,C2",7229,29
"A1,A2,B1,B2,C1,C2",1978,41
"A1,A2,B1,B2,C1,C2",7873,9
"A1,A2,B1,B2,C1,C2",9657,18
"A1,A2,B1,B2,C1,C2",7464,16
"A1,A2,B1,B2,C1,C2",9692,51
"A1,A2,B1,B2,C1,C2",4402,49
"A1,A2,B1,B2,C1,C2",154,43
"A1,A2,B1,B2,C1,C2",6713,29
"A1,A2,B1,B2,C1,C2",6307,10
"A1,A2,B1,B2,C1,C2",2320,61
"A1,A2,B1,B2,C1,C2",2939,35
"A1,A2,B1,B2,C1,C2",8011,29
"A1,A2,B1,B2,C1,C2",4876,65
"A1,A2,B1,B2,C1,C2",6646,20
"A1,A2,B1,B2,C1,C2",11122,65
"A1,A2,B1,B2,C1,C2",9238,50
"A1,A2,B1,B2,C1,C2",1703,11
"A1,A2,B1,B2,C1,C2",6751,25
"A1,A2,B1,B2,C1,C2",1490,7
"A1,A2,B1,B2,C1,C2",1871,30
"A1,A2,B1,B2,C1,C2",4649,51
"A1,A2,B1,B2,C1,C2",66,43
"A1,A2,B1,B2,C1,C2",10133,52
"A1,A2,B1,B2,C1,C2",349,65
"A1,A2,B1,B2,C1,C2",9975,18
"A1,A2,B1,B2,C1,C2",3495,20
"A1,A2,B1,B2,C1,C2",6091,54
"A1,A2,B1,B2,C1,C2",2646,31
"A1,A2,B1,B2,C1,C2",1039,55
"A1,A2,B1,B2,C1,C2",983,5
"A1,A2,B1,B2,C1,C2",1313,28
"A1,A2,B1,B2,C1,C2",762,4
"A1,A2,B1,B2,C1,C2",10879,45
"A1,A2,B1,B2,C1,C2",5735,39
"A1,A2,B1,B2,C1,C2",10104,49
"A1,A2,B1,B2,C1,C2",2684,67
"A1,A2,B1,B2,C1,C2",6937,53
"A1,A2,B1,B2,C1,C2",6783,13
"A1,A2,B1,B2,C1,C2",1363,17
"A1,A2,B1,B2,C1,C2",1373,12
"A1,A2,B1,B2,C1,C2",6170,17
"A1,A2,B1,B2,C1,C2",805,28
"A1,A2,B1,B2,C1,C2",10703,12
"A1,A2,B1,B2,C1,C2",9596,52
"A1,A2,B1,B2,C1,C2",1748,65
"A1,A2,B1,B2,C1,C2",4459,55
"A1,A2,B1,B2,C1,C2",5881,42
"A1,A2,B1,B2,C1,C2",4078,30
"A1,A2,B1,B2,C1,C2",4958,62
"A1,A2,B1,B2,C1,C2",6551,1
"A1,A2,B1,B2,C1,C2",6520,60
"A1,A2,B1,B2,C1,C2",8991,54
"A1,A2,B1,B2,C1,C2",5810,38
"A1,A2,B1,B2,C1,C2",1898,59
"A1,A2,B1,B2,C1,C2",9605,17
"A1,A2,B1,B2,C1,C2",4741,67
"A1,A2,B1,B2,C1,C2",10714,47
"A1,A2,B1,B2,C1,C2",98,15
"A1,A2,B1,B2,C1,C2",558,69
"A1,A2,B1,B2,C1,C2",2866,16
"A1,A2,B1,B2,C1,C2",3254,22
"A1,A2,B1,B2,C1,C2",4192,4
"A1,A2,B1,B2,C1,C2",5383,61
"A1,A2,B1,B2,C1,C2",7442,69
"A1,A2,B1,B2,C1,C2",2610,54
"A1,A2,B1,B2,C1,C2",8801,31
"A1,A2,B1,B2,C1,C2",1580,63
"A1,A2,B1,B2,C1,C2",9120,2
"A1,A2,B1,B2,C1,C2",3020,11
"A1,A2,B1,B2,C1,C2",6624,63
"A1,A2,B1,B2,C1,C2",93,67
"A1,A2,B1,B2,C1,C2",10085,42
"A1,A2,B1,B2,C1,C2",2598,47
"A1,A2,B1,B2,C1,C2",1446,71
"A1,A2,B1,B2,C1,C2",5587,57
"A1,A2,B1,B2,C1,C2",6465,61
"A1,A2,B1,B2,C1,C2",6543,10
"A1,A2,B1,B2,C1,C2",6968,72
"A1,A2,B1,B2,C1,C2",6249,30
"A1,A2,B1,B2,C1,C2",10788,17
"A1,A2,B1,B2,C1,C2",408,46
"A1,A2,B1,B2,C1,C2",4132,39
"A1,A2,B1,B2,C1,C2",3042,38
"A1,A2,B1,B2,C1,C2",5373,22
"A1,A2,B1,B2,C1,C2",8739,20
"A1,A2,B1,B2,C1,C2",10479,29
"A1,A2,B1,B2,C1,C2",10131,60
"A1,A2,B1,B2,C1,C2",1118,43
"A1,A2,B1,B2,C1,C2",8230,3
"A1,A2,B1,B2,C1,C2",1495,67
"A1,A2,B1,B2,C1,C2",7661,62
"A1,A2,B1,B2,C1,C2",6057,16
"A1,A2,B1,B2,C1,C2",2364,20
"A1,A2,B1,B2,C1,C2",9843,25
"A1,A2,B1,B2,C1,C2",7669,40
"A1,A2,B1,B2,C1,C2",7785,5
"A1,A2,B1,B2,C1,C2",11104,2
"A1,A2,B1,B2,C1,C2",6042,71
"A1,A2,B1,B2,C1,C2",2919,61
"A1,A2,B1,B2,C1,C2",5192,43
"A1,A2,B1,B2,C1,C2",9754,54
"A1,A2,B1,B2,C1,C2",1818,45
"A1,A2,B1,B2,C1,C2",9912,37
"A1,A2,B1,B2,C1,C2",3628,2
"A1,A2,B1,B2,C1,C2",4904,46
"A1,A2,B1,B2,C1,C2",11319,43
"A1,A2,B1,B2,C1,C2",10210,32
"A1,A2,B1,B2,C1,C2",5233,2
"A1,A2,B1,B2,C1,C2",9539,10
"A1,A2,B1,B2,C1,C2",6996,47
"A1,A2,B1,B2,C1,C2",5363,31
"A1,A2,B1,B2,C1,C2",6227,15
"A1,A2,B1,B2,C1,C2",1942,6
"A1,A2,B1,B2,C1,C2",7794,41
"A1,A2,B1,B2,C1,C2",8984,63
"A1,A2,B1,B2,C1,C2",3872,67
"A1,A2,B1,B2,C1,C2",5218,51
"A1,A2,B1,B2,C1,C2",3967,70
"A1,A2,B1,B2,C1,C2",9546,55
"A1,A2,B1,B2,C1,C2",10832,57
"A1,A2,B1,B2,C1,C2",1693,20
"A1,A2,B1,B2,C1,C2",8618,49
"A1,A2,B1,B2,C1,C2",5344,49
"A1,A2,B1,B2,C1,C2",8605,18
"A1,A2,B1,B2,C1,C2",1025,1
"A1,A2,B1,B2,C1,C2",9991,46
"A1,A2,B1,B2,C1,C2",9805,32
"A1,A2,B1,B2,C1,C2",1008,55
"A1,A2,B1,B2,C1,C2",159,33
"A1,A2,B1,B2,C1,C2",11184,11
"A1,A2,B1,B2,C1,C2",7509,35
"A1,A2,B1,B2,C1,C2",10093,38
"A1,A2,B1,B2,C1,C2",6308,26
"A1,A2,B1,B2,C1,C2",10775,38
"A1,A2,B1,B2,C1,C2",4714,62
"A1,A2,B1,B2,C1,C2",4614,4
"A1,A2,B1,B2,C1,C2",397,7
"A1,A2,B1,B2,C1,C2",8880,43
"A1,A2,B1,B2,C1,C2",9115,19
"A1,A2,B1,B2,C1,C2",3372,52
"A1,A2,B1,B2,C1,C2",10838,34
"A1,A2,B1,B2,C1,C2",9430,7
"A1,A2,B1,B2,C1,C2",2812,16
"A1,A2,B1,B2,C1,C2",7259,54
"A1,A2,B1,B2,C1,C2",720,30
"A1,A2,B1,B2,C1,C2",5213,7
"A1,A2,B1,B2,C1,C2",8877,67
"A1,A2,B1,B2,C1,C2",8491,45
"A1,A2,B1,B2,C1,C2",8945,3
"A1,A2,B1,B2,C1,C2",8859,68
"A1,A2,B1,B2,C1,C2",9455,6
"A1,A2,B1,B2,C1,C2",1650,24
"A1,A2,B1,B2,C1,C2",4748,40
"A1,A2,B1,B2,C1,C2",3695,45
"A1,A2,B1,B2,C1,C2",10708,56
"A1,A2,B1,B2,C1,C2",6307,17
"A1,A2,B1,B2,C1,C2",3989,10
"A1,A2,B1,B2,C1,C2",4715,26
"A1,A2,B1,B2,C1,C2",8407,6
"A1,A2,B1,B2,C1,C2",6106,28
"A1,A2,B1,B2,C1,C2",9444,44
"A1,A2,B1,B2,C1,C2",10721,68
"A1,A2,B1,B2,C1,C2",5397,55
"A1,A2,B1,B2,C1,C2",11085,64
"A1,A2,B1,B2,C1,C2",4311,29
"A1,A2,B1,B2,C1,C2",10970,62
"A1,A2,B1,B2,C1,C2",7629,32
"A1,A2,B1,B2,C1,C2",10667,5
"A1,A2,B1,B2,C1,C2",9767,25
"A1,A2,B1,B2,C1,C2",1796,56
"A1,A2,B1,B2,C1,C2",3547,61
"A1,A2,B1,B2,C1,C2",8745,8
"A1,A2,B1,B2,C1,C2",9647,45
"A1,A2,B1,B2,C1,C2",4248,69
"A1,A2,B1,B2,C1,C2",10602,70
"A1,A2,B1,B2,C1,C2",5415,44
"A1,A2,B1,B2,C1,C2",1429,10
"A1,A2,B1,B2,C1,C2",553,55
"A1,A2,B1,B2,C1,C2",7483,36
"A1,A2,B1,B2,C1,C2",8227,52
"A1,A2,B1,B2,C1,C2",9260,42
"A1,A2,B1,B2,C1,C2",8721,52
"A1,A2,B1,B2,C1,C2",8733,31
"A1,A2,B1,B2,C1,C2",396,16
"A1,A2,B1,B2,C1,C2",2203,53
"A1,A2,B1,B2,C1,C2",817,34
"A1,A2,B1,B2,C1,C2",7696,59
"A1,A2,B1,B2,C1,C2",11278,64
"A1,A2,B1,B2,C1,C2",7481,61
"A1,A2,B1,B2,C1,C2",4836,38
"A1,A2,B1,B2,C1,C2",9929,52
"A1,A2,B1,B2,C1,C2",5029,44
"A1,A2,B1,B2,C1,C2",8286,17
"A1,A2,B1,B2,C1,C2",10416,69
"A1,A2,B1,B2,C1,C2",5626,55
"A1,A2,B1,B2,C1,C2",8769,56
"A1,A2,B1,B2,C1,C2",6295,20
"A1,A2,B1,B2,C1,C2",3854,23
"A1,A2,B1,B2,C1,C2",11469,7
"A1,A2,B1,B2,C1,C2",7300,37
"A1,A2,B1,B2,C1,C2",1941,49
"A1,A2,B1,B2,C1,C2",10370,17
"A1,A2,B1,B2,C1,C2",11108,60
"A1,A2,B1,B2,C1,C2",5805,32
"A1,A2,B1,B2,C1,C2",5666,22
"A1,A2,B1,B2,C1,C2",362,65
"A1,A2,B1,B2,C1,C2",10494,34
"A1,A2,B1,B2,C1,C2",856,43
"A1,A2,B1,B2,C1,C2",10314,60
"A1,A2,B1,B2,C1,C2",8699,14
"A1,A2,B1,B2,C1,C2",9042,62
"A1,A2,B1,B2,C1,C2",3961,30
"A1,A2,B1,B2,C1,C2",8047,56
"A1,A2,B1,B2,C1,C2",6911,22
"A1,A2,B1,B2,C1,C2",3121,23
"A1,A2,B1,B2,C1,C2",2507,63
"A1,A2,B1,B2,C1,C2",10170,33
"A1,A2,B1,B2,C1,C2",2503,33
"A1,A2,B1,B2,C1,C2",10876,58
"A1,A2,B1,B2,C1,C2",4853,23
"A1,A2,B1,B2,C1,C2",6876,4
"A1,A2,B1,B2,C1,C2",3894,2
"A1,A2,B1,B2,C1,C2",7603,67
"A1,A2,B1,B2,C1,C2",7093,71
"A1,A2,B1,B2,C1,C2",10051,8
"A1,A2,B1,B2,C1,C2",1861,36
"A1,A2,B1,B2,C1,C2",752,40
"A1,A2,B1,B2,C1,C2",10842,58
"A1,A2,B1,B2,C1,C2",5296,2
"A1,A2,B1,B2,C1,C2",6034,60
"A1,A2,B1,B2,C1,C2",8489,14
"A1,A2,B1,B2,C1,C2",4967,49
"A1,A2,B1,B2,C1,C2",9659,69
"A1,A2,B1,B2,C1,C2",10317,35
"A1,A2,B1,B2,C1,C2",6026,22
"A1,A2,B1,B2,C1,C2",3705,35
"A1,A2,B1,B2,C1,C2",497,72
"A1,A2,B1,B2,C1,C2",9212,33
"A1,A2,B1,B2,C1,C2",5742,64
"A1,A2,B1,B2,C1,C2",4206,3
"A1,A2,B1,B2,C1,C2",5399,55
"A1,A2,B1,B2,C1,C2",4030,20
"A1,A2,B1,B2,C1,C2",8658,8
"A1,A2,B1,B2,C1,C2",10084,35
"A1,A2,B1,B2,C1,C2",7488,35
"A1,A2,B1,B2,C1,C2",8011,8
"A1,A2,B1,B2,C1,C2",8794,68
"A1,A2,B1,B2,C1,C2",7245,40
"A1,A2,B1,B2,C1,C2",1162,56
"A1,A2,B1,B2,C1,C2",8205,53
"A1,A2,B1,B2,C1,C2",8196,16
"A1,A2,B1,B2,C1,C2",7657,42
"A1,A2,B1,B2,C1,C2",10386,8
"A1,A2,B1,B2,C1,C2",4500,31
"A1,A2,B1,B2,C1,C2",10334,72
"A1,A2,B1,B2,C1,C2",7549,69
"A1,A2,B1,B2,C1,C2",3405,40
"A1,A2,B1,B2,C1,C2",9125,53
"A1,A2,B1,B2,C1,C2",9941,29
"A1,A2,B1,B2,C1,C2",6201,39
"A1,A2,B1,B2,C1,C2",4754,43
"A1,A2,B1,B2,C1,C2",9202,12
"A1,A2,B1,B2,C1,C2",10450,35
"A1,A2,B1,B2,C1,C2",43,41
"A1,A2,B1,B2,C1,C2",2763,52
"A1,A2,B1,B2,C1,C2",6992,48
"A1,A2,B1,B2,C1,C2",10490,10
"A1,A2,B1,B2,C1,C2",818,5
"A1,A2,B1,B2,C1,C2",9697,41
"A1,A2,B1,B2,C1,C2",723,55
"A1,A2,B1,B2,C1,C2",8354,65
"A1,A2,B1,B2,C1,C2",10870,36
"A1,A2,B1,B2,C1,C2",10870,14
"A1,A2,B1,B2,C1,C2",7758,8
"A1,A2,B1,B2,C1,C2",486,34
"A1,A2,B1,B2,C1,C2",7782,59
"A1,A2,B1,B2,C1,C2",10971,30
"A1,A2,B1,B2,C1,C2",9684,20
"A1,A2,B1,B2,C1,C2",11250,26
"A1,A2,B1,B2,C1,C2",6280,72
"A1,A2,B1,B2,C1,C2",11334,9
"A1,A2,B1,B2,C1,C2",4954,63
"A1,A2,B1,B2,C1,C2",7393,33
"A1,A2,B1,B2,C1,C2",7621,36
"A1,A2,B1,B2,C1,C2",1809,26
"A1,A2,B1,B2,C1,C2",1665,3
"A1,A2,B1,B2,C1,C2",1503,13
"A1,A2,B1,B2,C1,C2",9312,67
"A1,A2,B1,B2,C1,C2",10843,58
"A1,A2,B1,B2,C1,C2",4368,42
"A1,A2,B1,B2,C1,C2",967,39
"A1,A2,B1,B2,C1,C2",1935,60
"A1,A2,B1,B2,C1,C2",2444,2
"A1,A2,B1,B2,C1,C2",9776,62
"A1,A2,B1,B2,C1,C2",36,44
"A1,A2,B1,B2,C1,C2",2698,41
"A1,A2,B1,B2,C1,C2",4796,64
"A1,A2,B1,B2,C1,C2",7961,21
"A1,A2,B1,B2,C1,C2",7191,38
"A1,A2,B1,B2,C1,C2",1789,37
"A1,A2,B1,B2,C1,C2",11017,15
"A1,A2,B1,B2,C1,C2",3617,7
"A1,A2,B1,B2,C1,C2",6470,58
"A1,A2,B1,B2,C1,C2",3261,13
"A1,A2,B1,B2,C1,C2",3813,22
"A1,A2,B1,B2,C1,C2",9581,4
"A1,A2,B1,B2,C1,C2",8577,28
"A1,A2,B1,B2,C1,C2",10080,44
"A1,A2,B1,B2,C1,C2",2772,51
"A1,A2,B1,B2,C1,C2",9649,24
"A1,A2,B1,B2,C1,C2",7928,2
"A1,A2,B1,B2,C1,C2",9165,72
"A1,A2,B1,B2,C1,C2",2001,54
"A1,A2,B1,B2,C1,C2",4278,9
"A1,A2,B1,B2,C1,C2",4886,17
"A1,A2,B1,B2,C1,C2",4110,21
"A1,A2,B1,B2,C1,C2",5960,29
"A1,A2,B1,B2,C1,C2",1341,53
"A1,A2,B1,B2,C1,C2",9757,30
"A1,A2,B1,B2,C1,C2",2601,55
"A1,A2,B1,B2,C1,C2",3852,58
"A1,A2,B1,B2,C1,C2",4399,29
"A1,A2,B1,B2,C1,C2",2950,17
"A1,A2,B1,B2,C1,C2",6350,58
"A1,A2,B1,B2,C1,C2",2062,50
"A1,A2,B1,B2,C1,C2",10202,8
"A1,A2,B1,B2,C1,C2",7074,41
"A1,A2,B1,B2,C1,C2",9124,56
"A1,A2,B1,B2,C1,C2",3035,24
"A1,A2,B1,B2,C1,C2",4256,42
"A1,A2,B1,B2,C1,C2",2375,51
"A1,A2,B1,B2,C1,C2",7633,12
"A1,A2,B1,B2,C1,C2",2402,67
"A1,A2,B1,B2,C1,C2",5697,66
"A1,A2,B1,B2,C1,C2",3275,5
"A1,A2,B1,B2,C1,C2",5487,39
"A1,A2,B1,B2,C1,C2",10148,27
"A1,A2,B1,B2,C1,C2",11012,54
"A1,A2,B1,B2,C1,C2",2,29
"A1,A2,B1,B2,C1,C2",2550,62
"A1,A2,B1,B2,C1,C2",5556,58
"A1,A2,B1,B2,C1,C2",3507,16
"A1,A2,B1,B2,C1,C2",10901,50
"A1,A2,B1,B2,C1,C2",629,55
"A1,A2,B1,B2,C1,C2",8494,47
"A1,A2,B1,B2,C1,C2",2204,30
"A1,A2,B1,B2,C1,C2",5401,47
"A1,A2,B1,B2,C1,C2",2378,40
"A1,A2,B1,B2,C1,C2",7825,33
"A1,A2,B1,B2,C1,C2",8373,62
"A1,A2,B1,B2,C1,C2",11224,47
"A1,A2,B1,B2,C1,C2",9572,54
"A1,A2,B1,B2,C1,C2",425,28
"A1,A2,B1,B2,C1,C2",4391,14
"A1,A2,B1,B2,C1,C2",1662,10
"A1,A2,B1,B2,C1,C2",227,34
"A1,A2,B1,B2,C1,C2",2814,59
"A1,A2,B1,B2,C1,C2",7653,2
"A1,A2,B1,B2,C1,C2",6217,16
"A1,A2,B1,B2,C1,C2",1995,52
"A1,A2,B1,B2,C1,C2",10886,68
"A1,A2,B1,B2,C1,C2",10628,36
"A1,A2,B1,B2,C1,C2",10784,63
"A1,A2,B1,B2,C1,C2",497,48
"A1,A2,B1,B2,C1,C2",608,2
"A1,A2,B1,B2,C1,C2",11310,54
"A1,A2,B1,B2,C1,C2",6361,43
"A1,A2,B1,B2,C1,C2",4652,5
"A1,A2,B1,B2,C1,C2",10888,18
"A1,A2,B1,B2,C1,C2",11420,1
"A1,A2,B1,B2,C1,C2",11156,24
"A1,A2,B1,B2,C1,C2",9832,32
"A1,A2,B1,B2,C1,C2",9527,58
"A1,A2,B1,B2,C1,C2",63,40
"A1,A2,B1,B2,C1,C2",9783,7
"A1,A2,B1,B2,C1,C2",10737,4
"A1,A2,B1,B2,C1,C2",2652,57
"A1,A2,B1,B2,C1,C2",5291,45
"A1,A2,B1,B2,C1,C2",10046,15
"A1,A2,B1,B2,C1,C2",2220,71
"A1,A2,B1,B2,C1,C2",10427,27
"A1,A2,B1,B2,C1,C2",4234,13
"A1,A2,B1,B2,C1,C2",257,42
"A1,A2,B1,B2,C1,C2",8020,22
"A1,A2,B1,B2,C1,C2",5126,61
"A1,A2,B1,B2,C1,C2",1729,6
"A1,A2,B1,B2,C1,C2",584,26
"A1,A2,B1,B2,C1,C2",4314,69
"A1,A2,B1,B2,C1,C2",1487,19
"A1,A2,B1,B2,C1,C2",3826,19
"A1,A2,B1,B2,C1,C2",6756,61
"A1,A2,B1,B2,C1,C2",3175,49
"A1,A2,B1,B2,C1,C2",6889,33
"A1,A2,B1,B2,C1,C2",4252,31
"A1,A2,B1,B2,C1,C2",291,12
"A1,A2,B1,B2,C1,C2",8778,35
"A1,A2,B1,B2,C1,C2",3092,44
"A1,A2,B1,B2,C1,C2",2023,68
"A1,A2,B1,B2,C1,C2",9098,52
"A1,A2,B1,B2,C1,C2",38,37
"A1,A2,B1,B2,C1,C2",7399,36
"A1,A2,B1,B2,C1,C2",4495,2
"A1,A2,B1,B2,C1,C2",1847,13
"A1,A2,B1,B2,C1,C2",4863,54
"A1,A2,B1,B2,C1,C2",1091,44
"A1,A2,B1,B2,C1,C2",5563,5
"A1,A2,B1,B2,C1,C2",5500,42
"A1,A2,B1,B2,C1,C2",9890,50
"A1,A2,B1,B2,C1,C2",9093,33
"A1,A2,B1,B2,C1,C2",7059,35
"A1,A2,B1,B2,C1,C2",5719,68
"A1,A2,B1,B2,C1,C2",11356,65
"A1,A2,B1,B2,C1,C2",11518,61
"A1,A2,B1,B2,C1,C2",7329,31
"A1,A2,B1,B2,C1,C2",9015,54
"A1,A2,B1,B2,C1,C2",2616,37
"A1,A2,B1,B2,C1,C2",1479,71
"A1,A2,B1,B2,C1,C2",10767,10
"A1,A2,B1,B2,C1,C2",10586,2
"A1,A2,B1,B2,C1,C2",9359,62
"A1,A2,B1,B2,C1,C2",8316,36
"A1,A2,B1,B2,C1,C2",11296,68
"A1,A2,B1,B2,C1,C2",11142,33
"A1,A2,B1,B2,C1,C2",8786,40
"A1,A2,B1,B2,C1,C2",3314,6
"A1,A2,B1,B2,C1,C2",10348,41
"A1,A2,B1,B2,C1,C2",10341,36
"A1,A2,B1,B2,C1,C2",8751,54
"A1,A2,B1,B2,C1,C2",3156,24
"A1,A2,B1,B2,C1,C2",1999,30
"A1,A2,B1,B2,C1,C2",3253,39
"A1,A2,B1,B2,C1,C2",8599,45
"A1,A2,B1,B2,C1,C2",6002,4
"A1,A2,B1,B2,C1,C2",6165,38
"A1,A2,B1,B2,C1,C2",7904,31
"A1,A2,B1,B2,C1,C2",3425,37
"A1,A2,B1,B2,C1,C2",9356,7
"A1,A2,B1,B2,C1,C2",7536,18
"A1,A2,B1,B2,C1,C2",8365,56
"A1,A2,B1,B2,C1,C2",9265,19
"A1,A2,B1,B2,C1,C2",7404,72
"A1,A2,B1,B2,C1,C2",4221,72
"A1,A2,B1,B2,C1,C2",2763,49
"A1,A2,B1,B2,C1,C2",7409,23
"A1,A2,B1,B2,C1,C2",7049,35
"A1,A2,B1,B2,C1,C2",4968,33
"A1,A2,B1,B2,C1,C2",6257,33
"A1,A2,B1,B2,C1,C2",3947,17
"A1,A2,B1,B2,C1,C2",4106,25
"A1,A2,B1,B2,C1,C2",5031,35
"A1,A2,B1,B2,C1,C2",11565,71
"A1,A2,B1,B2,C1,C2",1622,28
"A1,A2,B1,B2,C1,C2",11132,44
"A1,A2,B1,B2,C1,C2",10254,13
"A1,A2,B1,B2,C1,C2",11562,3
"A1,A2,B1,B2,C1,C2",3861,67
"A1,A2,B1,B2,C1,C2",6614,57
"A1,A2,B1,B2,C1,C2",493,37
"A1,A2,B1,B2,C1,C2",4192,52
"A1,A2,B1,B2,C1,C2",2890,4
"A1,A2,B1,B2,C1,C2",11022,67
"A1,A2,B1,B2,C1,C2",9187,60
"A1,A2,B1,B2,C1,C2",9426,69
"A1,A2,B1,B2,C1,C2",4832,21
"A1,A2,B1,B2,C1,C2",10313,8
"A1,A2,B1,B2,C1,C2",4300,36
"A1,A2,B1,B2,C1,C2",758,2
"A1,A2,B1,B2,C1,C2",3789,36
"A1,A2,B1,B2,C1,C2",637,47
"A1,A2,B1,B2,C1,C2",7703,5
"A1,A2,B1,B2,C1,C2",6030,58
"A1,A2,B1,B2,C1,C2",8004,65
"A1,A2,B1,B2,C1,C2",1901,53
"A1,A2,B1,B2,C1,C2",9389,51
"A1,A2,B1,B2,C1,C2",11262,54
"A1,A2,B1,B2,C1,C2",5879,44
"A1,A2,B1,B2,C1,C2",651,69
"A1,A2,B1,B2,C1,C2",8860,60
"A1,A2,B1,B2,C1,C2",11470,47
"A1,A2,B1,B2,C1,C2",4336,66
"A1,A2,B1,B2,C1,C2",2873,42
"A1,A2,B1,B2,C1,C2",8424,50
"A1,A2,B1,B2,C1,C2",1282,42
"A1,A2,B1,B2,C1,C2",5105,44
"A1,A2,B1,B2,C1,C2",1030,66
"A1,A2,B1,B2,C1,C2",1857,46
"A1,A2,B1,B2,C1,C2",10106,45
"A1,A2,B1,B2,C1,C2",2397,61
"A1,A2,B1,B2,C1,C2",6447,59
"A1,A2,B1,B2,C1,C2",8089,2
"A1,A2,B1,B2,C1,C2",4540,64
"A1,A2,B1,B2,C1,C2",1730,50
"A1,A2,B1,B2,C1,C2",3362,32
"A1,A2,B1,B2,C1,C2",10920,25
"A1,A2,B1,B2,C1,C2",5727,1
"A1,A2,B1,B2,C1,C2",10883,3
"A1,A2,B1,B2,C1,C2",7942,55
"A1,A2,B1,B2,C1,C2",2688,52
"A1,A2,B1,B2,C1,C2",8549,13
"A1,A2,B1,B2,C1,C2",5139,71
"A1,A2,B1,B2,C1,C2",9019,3
"A1,A2,B1,B2,C1,C2",8471,72
"A1,A2,B1,B2,C1,C2",2025,11
"A1,A2,B1,B2,C1,C2",1959,21
"A1,A2,B1,B2,C1,C2",8938,64
"A1,A2,B1,B2,C1,C2",1526,29
"A1,A2,B1,B2,C1,C2",3309,51
"A1,A2,B1,B2,C1,C2",9680,43
"A1,A2,B1,B2,C1,C2",9146,9
"A1,A2,B1,B2,C1,C2",965,47
"A1,A2,B1,B2,C1,C2",241,42
"A1,A2,B1,B2,C1,C2",3903,33
"A1,A2,B1,B2,C1,C2",108,4
"A1,A2,B1,B2,C1,C2",10479,10
"A1,A2,B1,B2,C1,C2",3411,40
"A1,A2,B1,B2,C1,C2",283,25
"A1,A2,B1,B2,C1,C2",10467,43
"A1,A2,B1,B2,C1,C2",6531,15
"A1,A2,B1,B2,C1,C2",11499,13
"A1,A2,B1,B2,C1,C2",425,21
"A1,A2,B1,B2,C1,C2",6057,63
"A1,A2,B1,B2,C1,C2",5064,10
"A1,A2,B1,B2,C1,C2",3064,45
"A1,A2,B1,B2,C1,C2",3976,5
"A1,A2,B1,B2,C1,C2",1747,13
"A1,A2,B1,B2,C1,C2",1740,21
"A1,A2,B1,B2,C1,C2",9817,67
"A1,A2,B1,B2,C1,C2",4124,12
"A1,A2,B1,B2,C1,C2",4859,19
"A1,A2,B1,B2,C1,C2",9150,57
"A1,A2,B1,B2,C1,C2",3180,10
"A1,A2,B1,B2,C1,C2",1842,72
"A1,A2,B1,B2,C1,C2",8500,69
"A1,A2,B1,B2,C1,C2",420,40
"A1,A2,B1,B2,C1,C2",825,70
"A1,A2,B1,B2,C1,C2",4384,1
"A1,A2,B1,B2,C1,C2",9368,64
"A1,A2,B1,B2,C1,C2",2233,70
"A1,A2,B1,B2,C1,C2",5443,22
"A1,A2,B1,B2,C1,C2",5220,72
"A1,A2,B1,B2,C1,C2",1505,36
"A1,A2,B1,B2,C1,C2",10038,33
"A1,A2,B1,B2,C1,C2",4918,41
"A1,A2,B1,B2,C1,C2",7019,65
"A1,A2,B1,B2,C1,C2",5337,10
"A1,A2,B1,B2,C1,C2",7359,62
"A1,A2,B1,B2,C1,C2",1929,12
"A1,A2,B1,B2,C1,C2",2123,20
"A1,A2,B1,B2,C1,C2",4243,53
"A1,A2,B1,B2,C1,C2",7886,41
"A1,A2,B1,B2,C1,C2",4994,47
"A1,A2,B1,B2,C1,C2",7377,17
"A1,A2,B1,B2,C1,C2",8880,20
"A1,A2,B1,B2,C1,C2",2866,71
"A1,A2,B1,B2,C1,C2",8761,23
"A1,A2,B1,B2,C1,C2",4066,48
"A1,A2,B1,B2,C1,C2",7968,61
"A1,A2,B1,B2,C1,C2",9448,24
"A1,A2,B1,B2,C1,C2",5746,19
"A1,A2,B1,B2,C1,C2",7704,26
"A1,A2,B1,B2,C1,C2",2252,63
"A1,A2,B1,B2,C1,C2",3749,60
"A1,A2,B1,B2,C1,C2",3707,68
"A1,A2,B1,B2,C1,C2",2114,55
"A1,A2,B1,B2,C1,C2",1901,66
"A1,A2,B1,B2,C1,C2",2396,50
"A1,A2,B1,B2,C1,C2",909,26
"A1,A2,B1,B2,C1,C2",3402,22
"A1,A2,B1,B2,C1,C2",7665,58
"A1,A2,B1,B2,C1,C2",10130,11
"A1,A2,B1,B2,C1,C2",2732,66
"A1,A2,B1,B2,C1,C2",6985,29
"A1,A2,B1,B2,C1,C2",9474,39
"A1,A2,B1,B2,C1,C2",9202,53
"A1,A2,B1,B2,C1,C2",1263,19
"A1,A2,B1,B2,C1,C2",2027,6
"A1,A2,B1,B2,C1,C2",9396,12
"A1,A2,B1,B2,C1,C2",5486,44
"A1,A2,B1,B2,C1,C2",162,9
"A1,A2,B1,B2,C1,C2",7612,60
"A1,A2,B1,B2,C1,C2",1777,49
"A1,A2,B1,B2,C1,C2",9010,6
"A1,A2,B1,B2,C1,C2",10602,5
"A1,A2,B1,B2,C1,C2",1037,36
"A1,A2,B1,B2,C1,C2",7207,67
"A1,A2,B1,B2,C1,C2",8439,23
"A1,A2,B1,B2,C1,C2",6459,5
"A1,A2,B1,B2,C1,C2",10959,5
"A1,A2,B1,B2,C1,C2",9319,26
"A1,A2,B1,B2,C1,C2",4112,21
"A1,A2,B1,B2,C1,C2",10748,25
"A1,A2,B1,B2,C1,C2",3033,33
"A1,A2,B1,B2,C1,C2",6870,43
"A1,A2,B1,B2,C1,C2",854,18
"A1,A2,B1,B2,C1,C2",3008,9
"A1,A2,B1,B2,C1,C2",4084,8
"A1,A2,B1,B2,C1,C2",3692,46
"A1,A2,B1,B2,C1,C2",4541,35
"A1,A2,B1,B2,C1,C2",755,1
"A1,A2,B1,B2,C1,C2",3953,15
"A1,A2,B1,B2,C1,C2",10434,33
"A1,A2,B1,B2,C1,C2",6389,71
"A1,A2,B1,B2,C1,C2",8598,20
"A1,A2,B1,B2,C1,C2",132,3
"A1,A2,B1,B2,C1,C2",5652,42
"A1,A2,B1,B2,C1,C2",1100,8
"A1,A2,B1,B2,C1,C2",9433,56
"A1,A2,B1,B2,C1,C2",9217,21
"A1,A2,B1,B2,C1,C2",8293,5
"A1,A2,B1,B2,C1,C2",10983,42
"A1,A2,B1,B2,C1,C2",2920,49
"A1,A2,B1,B2,C1,C2",11507,41
"A1,A2,B1,B2,C1,C2",5543,29
"A1,A2,B1,B2,C1,C2",2431,66
"A1,A2,B1,B2,C1,C2",7714,11
"A1,A2,B1,B2,C1,C2",7652,34
"A1,A2,B1,B2,C1,C2",1888,8
"A1,A2,B1,B2,C1,C2",3409,18
"A1,A2,B1,B2,C1,C2",11265,22
"A1,A2,B1,B2,C1,C2",5885,24
"A1,A2,B1,B2,C1,C2",1544,26
"A1,A2,B1,B2,C1,C2",11298,61
"A1,A2,B1,B2,C1,C2",7069,53
"A1,A2,B1,B2,C1,C2",6638,14
"A1,A2,B1,B2,C1,C2",7701,41
"A1,A2,B1,B2,C1,C2",4138,18
"A1,A2,B1,B2,C1,C2",5038,53
"A1,A2,B1,B2,C1,C2",10757,36
"A1,A2,B1,B2,C1,C2",5068,1
"A1,A2,B1,B2,C1,C2",389,1
"A1,A2,B1,B2,C1,C2",3745,9
"A1,A2,B1,B2,C1,C2",4937,70
"A1,A2,B1,B2,C1,C2",3113,1
"A1,A2,B1,B2,C1,C2",2516,20
"A1,A2,B1,B2,C1,C2",11430,65
"A1,A2,B1,B2,C1,C2",7924,38
"A1,A2,B1,B2,C1,C2",7251,27
"A1,A2,B1,B2,C1,C2",5682,50
"A1,A2,B1,B2,C1,C2",10523,65
"A1,A2,B1,B2,C1,C2",10079,19
"A1,A2,B1,B2,C1,C2",9767,17
"A1,A2,B1,B2,C1,C2",7910,58
"A1,A2,B1,B2,C1,C2",3221,68
"A1,A2,B1,B2,C1,C2",8110,26
"A1,A2,B1,B2,C1,C2",5203,59
"A1,A2,B1,B2,C1,C2",7764,20
"A1,A2,B1,B2,C1,C2",11173,6
"A1,A2,B1,B2,C1,C2",5479,62
"A1,A2,B1,B2,C1,C2",7272,4
"A1,A2,B1,B2,C1,C2",9370,6
"A1,A2,B1,B2,C1,C2",2893,9
"A1,A2,B1,B2,C1,C2",5726,43
"A1,A2,B1,B2,C1,C2",9186,46
"A1,A2,B1,B2,C1,C2",4526,28
"A1,A2,B1,B2,C1,C2",6404,32
"A1,A2,B1,B2,C1,C2",8398,15
"A1,A2,B1,B2,C1,C2",5249,42
"A1,A2,B1,B2,C1,C2",7619,41
"A1,A2,B1,B2,C1,C2",8884,67
"A1,A2,B1,B2,C1,C2",4295,38
"A1,A2,B1,B2,C1,C2",3666,37
"A1,A2,B1,B2,C1,C2",313,60
"A1,A2,B1,B2,C1,C2",10456,28
"A1,A2,B1,B2,C1,C2",10713,1
"A1,A2,B1,B2,C1,C2",1291,37
"A1,A2,B1,B2,C1,C2",2500,52
"A1,A2,B1,B2,C1,C2",301,37
"A1,A2,B1,B2,C1,C2",8801,33
"A1,A2,B1,B2,C1,C2",10034,38
"A1,A2,B1,B2,C1,C2",8863,19
"A1,A2,B1,B2,C1,C2",4862,59
"A1,A2,B1,B2,C1,C2",2623,40
"A1,A2,B1,B2,C1,C2",5931,41
"A1,A2,B1,B2,C1,C2",4672,30
"A1,A2,B1,B2,C1,C2",6666,67
"A1,A2,B1,B2,C1,C2",8185,26
"A1,A2,B1,B2,C1,C2",10955,56
"A1,A2,B1,B2,C1,C2",6632,27
"A1,A2,B1,B2,C1,C2",5057,14
"A1,A2,B1,B2,C1,C2",1400,1
"A1,A2,B1,B2,C1,C2",45,37
"A1,A2,B1,B2,C1,C2",3315,22
"A1,A2,B1,B2,C1,C2",5354,62
"A1,A2,B1,B2,C1,C2",3995,9
"A1,A2,B1,B2,C1,C2",8352,34
"A1,A2,B1,B2,C1,C2",1311,59
"A1,A2,B1,B2,C1,C2",8515,2
"A1,A2,B1,B2,C1,C2",11435,50
"A1,A2,B1,B2,C1,C2",7698,7
"A1,A2,B1,B2,C1,C2",8496,50
"A1,A2,B1,B2,C1,C2",10795,3
"A1,A2,B1,B2,C1,C2",6662,62
"A1,A2,B1,B2,C1,C2",6001,65
"A1,A2,B1,B2,C1,C2",4300,45
"A1,A2,B1,B2,C1,C2",1866,11
"A1,A2,B1,B2,C1,C2",152,23
"A1,A2,B1,B2,C1,C2",9921,67
"A1,A2,B1,B2,C1,C2",4282,28
"A1,A2,B1,B2,C1,C2",4187,38
"A1,A2,B1,B2,C1,C2",3427,16
"A1,A2,B1,B2,C1,C2",3967,68
"A1,A2,B1,B2,C1,C2",2831,5
"A1,A2,B1,B2,C1,C2",11138,72
"A1,A2,B1,B2,C1,C2",10228,62
"A1,A2,B1,B2,C1,C2",11252,59
"A1,A2,B1,B2,C1,C2",5859,42
"A1,A2,B1,B2,C1,C2",10052,63
"A1,A2,B1,B2,C1,C2",10175,10
"A1,A2,B1,B2,C1,C2",10273,52
"A1,A2,B1,B2,C1,C2",6097,40
"A1,A2,B1,B2,C1,C2",10454,16
"A1,A2,B1,B2,C1,C2",3149,71
"A1,A2,B1,B2,C1,C2",6625,39
"A1,A2,B1,B2,C1,C2",1341,34
"A1,A2,B1,B2,C1,C2",10130,50
"A1,A2,B1,B2,C1,C2",3444,67
"A1,A2,B1,B2,C1,C2",1995,15
"A1,A2,B1,B2,C1,C2",2252,27
"A1,A2,B1,B2,C1,C2",4227,10
"A1,A2,B1,B2,C1,C2",4698,12
"A1,A2,B1,B2,C1,C2",635,65
"A1,A2,B1,B2,C1,C2",9467,64
"A1,A2,B1,B2,C1,C2",9584,40
"A1,A2,B1,B2,C1,C2",2137,63
"A1,A2,B1,B2,C1,C2",8089,48
"A1,A2,B1,B2,C1,C2",11029,36
"A1,A2,B1,B2,C1,C2",7488,38
"A1,A2,B1,B2,C1,C2",8333,29
"A1,A2,B1,B2,C1,C2",9858,58
"A1,A2,B1,B2,C1,C2",6785,33
"A1,A2,B1,B2,C1,C2",6487,65
"A1,A2,B1,B2,C1,C2",2639,8
"A1,A2,B1,B2,C1,C2",10659,56
"A1,A2,B1,B2,C1,C2",10982,1
"A1,A2,B1,B2,C1,C2",5829,44
"A1,A2,B1,B2,C1,C2",2803,7
"A1,A2,B1,B2,C1,C2",7798,44
"A1,A2,B1,B2,C1,C2",3191,41
"A1,A2,B1,B2,C1,C2",1184,45
"A1,A2,B1,B2,C1,C2",6751,65
"A1,A2,B1,B2,C1,C2",1703,67
"A1,A2,B1,B2,C1,C2",3503,52
"A1,A2,B1,B2,C1,C2",4477,52
"A1,A2,B1,B2,C1,C2",1624,53
"A1,A2,B1,B2,C1,C2",5413,12
"A1,A2,B1,B2,C1,C2",11577,62
"A1,A2,B1,B2,C1,C2",396,64
"A1,A2,B1,B2,C1,C2",390,44
"A1,A2,B1,B2,C1,C2",8117,37
"A1,A2,B1,B2,C1,C2",5026,51
"A1,A2,B1,B2,C1,C2",4596,65
"A1,A2,B1,B2,C1,C2",9376,31
"A1,A2,B1,B2,C1,C2",2417,51
"A1,A2,B1,B2,C1,C2",4681,48
"A1,A2,B1,B2,C1,C2",1564,8
"A1,A2,B1,B2,C1,C2",3810,10
"A1,A2,B1,B2,C1,C2",3391,39
"A1,A2,B1,B2,C1,C2",4146,20
"A1,A2,B1,B2,C1,C2",1227,29
"A1,A2,B1,B2,C1,C2",2027,16
"A1,A2,B1,B2,C1,C2",5355,54
"A1,A2,B1,B2,C1,C2",1861,4
"A1,A2,B1,B2,C1,C2",11099,8
"A1,A2,B1,B2,C1,C2",9606,17
"A1,A2,B1,B2,C1,C2",2870,20
"A1,A2,B1,B2,C1,C2",4925,42
"A1,A2,B1,B2,C1,C2",9053,4
"A1,A2,B1,B2,C1,C2",8585,20
"A1,A2,B1,B2,C1,C2",7157,29
"A1,A2,B1,B2,C1,C2",3339,27
"A1,A2,B1,B2,C1,C2",4953,34
"A1,A2,B1,B2,C1,C2",436,46
"A1,A2,B1,B2,C1,C2",11220,62
"A1,A2,B1,B2,C1,C2",2984,13
"A1,A2,B1,B2,C1,C2",1091,7
"A1,A2,B1,B2,C1,C2",4827,59
"A1,A2,B1,B2,C1,C2",4272,32
"A1,A2,B1,B2,C1,C2",3414,4
"A1,A2,B1,B2,C1,C2",1676,59
"A1,A2,B1,B2,C1,C2",3435,53
"A1,A2,B1,B2,C1,C2",1153,44
"A1,A2,B1,B2,C1,C2",4091,54
"A1,A2,B1,B2,C1,C2",7138,2
"A1,A2,B1,B2,C1,C2",9099,8
"A1,A2,B1,B2,C1,C2",5078,38
"A1,A2,B1,B2,C1,C2",4516,15
"A1,A2,B1,B2,C1,C2",6525,51
"A1,A2,B1,B2,C1,C2",375,19
"A1,A2,B1,B2,C1,C2",10487,53
"A1,A2,B1,B2,C1,C2",1008,5
"A1,A2,B1,B2,C1,C2",7797,12
"A1,A2,B1,B2,C1,C2",4582,16
"A1,A2,B1,B2,C1,C2",9248,7
"A1,A2,B1,B2,C1,C2",7577,62
"A1,A2,B1,B2,C1,C2",1482,58
"A1,A2,B1,B2,C1,C2",10902,9
"A1,A2,B1,B2,C1,C2",11389,5
"A1,A2,B1,B2,C1,C2",9541,8
"A1,A2,B1,B2,C1,C2",2321,67
"A1,A2,B1,B2,C1,C2",6388,28
"A1,A2,B1,B2,C1,C2",1013,19
"A1,A2,B1,B2,C1,C2",691,8
"A1,A2,B1,B2,C1,C2",5751,23
"A1,A2,B1,B2,C1,C2",8877,71
"A1,A2,B1,B2,C1,C2",4615,38
"A1,A2,B1,B2,C1,C2",1475,28
"A1,A2,B1,B2,C1,C2",3912,49
"A1,A2,B1,B2,C1,C2",4163,51
"A1,A2,B1,B2,C1,C2",11463,12
"A1,A2,B1,B2,C1,C2",622,10
"A1,A2,B1,B2,C1,C2",10898,36
"A1,A2,B1,B2,C1,C2",2608,16
"A1,A2,B1,B2,C1,C2",8594,28
"A1,A2,B1,B2,C1,C2",1077,10
"A1,A2,B1,B2,C1,C2",1994,18
"A1,A2,B1,B2,C1,C2",2129,32
"A1,A2,B1,B2,C1,C2",6761,8
"A1,A2,B1,B2,C1,C2",9963,72
"A1,A2,B1,B2,C1,C2",253,60
"A1,A2,B1,B2,C1,C2",8579,10
"A1,A2,B1,B2,C1,C2",8292,4
"A1,A2,B1,B2,C1,C2",2439,15
"A1,A2,B1,B2,C1,C2",6280,14
"A1,A2,B1,B2,C1,C2",8806,63
"A1,A2,B1,B2,C1,C2",6096,55
"A1,A2,B1,B2,C1,C2",2023,7
"A1,A2,B1,B2,C1,C2",4406,51
"A1,A2,B1,B2,C1,C2",9594,27
"A1,A2,B1,B2,C1,C2",1133,39
"A1,A2,B1,B2,C1,C2",827,3
"A1,A2,B1,B2,C1,C2",10659,15
"A1,A2,B1,B2,C1,C2",1609,45
"A1,A2,B1,B2,C1,C2",10018,9
"A1,A2,B1,B2,C1,C2",9892,6
"A1,A2,B1,B2,C1,C2",10800,34
"A1,A2,B1,B2,C1,C2",1273,32
"A1,A2,B1,B2,C1,C2",4970,10
"A1,A2,B1,B2,C1,C2",4096,37
"A1,A2,B1,B2,C1,C2",1236,65
"A1,A2,B1,B2,C1,C2",313,49
"A1,A2,B1,B2,C1,C2",10359,10
"A1,A2,B1,B2,C1,C2",9431,22
"A1,A2,B1,B2,C1,C2",2378,64
"A1,A2,B1,B2,C1,C2",6742,21
"A1,A2,B1,B2,C1,C2",11088,46
"A1,A2,B1,B2,C1,C2",1273,55
"A1,A2,B1,B2,C1,C2",3562,11
"A1,A2,B1,B2,C1,C2",7757,62
"A1,A2,B1,B2,C1,C2",9644,13
"A1,A2,B1,B2,C1,C2",1868,70
"A1,A2,B1,B2,C1,C2",7017,9
"A1,A2,B1,B2,C1,C2",4844,2
"A1,A2,B1,B2,C1,C2",9127,4
"A1,A2,B1,B2,C1,C2",6457,57
"A1,A2,B1,B2,C1,C2",11526,28
"A1,A2,B1,B2,C1,C2",2816,72
"A1,A2,B1,B2,C1,C2",4341,8
"A1,A2,B1,B2,C1,C2",1102,50
"A1,A2,B1,B2,C1,C2",1001,49
"A1,A2,B1,B2,C1,C2",4376,11
"A1,A2,B1,B2,C1,C2",6533,38
"A1,A2,B1,B2,C1,C2",4626,32
"A1,A2,B1,B2,C1,C2",8311,50
"A1,A2,B1,B2,C1,C2",5671,54
"A1,A2,B1,B2,C1,C2",5452,15
"A1,A2,B1,B2,C1,C2",5045,66
"A1,A2,B1,B2,C1,C2",3946,72
"A1,A2,B1,B2,C1,C2",1743,2
"A1,A2,B1,B2,C1,C2",5597,23
"A1,A2,B1,B2,C1,C2",9273,69
"A1,A2,B1,B2,C1,C2",1457,70
"A1,A2,B1,B2,C1,C2",6107,19
"A1,A2,B1,B2,C1,C2",7574,35
"A1,A2,B1,B2,C1,C2",8016,19
"A1,A2,B1,B2,C1,C2",1168,60
"A1,A2,B1,B2,C1,C2",3933,10
"A1,A2,B1,B2,C1,C2",9926,48
"A1,A2,B1,B2,C1,C2",7030,67
"A1,A2,B1,B2,C1,C2",1183,70
"A1,A2,B1,B2,C1,C2",179,22
"A1,A2,B1,B2,C1,C2",5076,22
"A1,A2,B1,B2,C1,C2",1744,39
"A1,A2,B1,B2,C1,C2",3348,44
"A1,A2,B1,B2,C1,C2",1530,47
"A1,A2,B1,B2,C1,C2",5565,7
"A1,A2,B1,B2,C1,C2",10593,58
"A1,A2,B1,B2,C1,C2",6002,50
"A1,A2,B1,B2,C1,C2",220,22
"A1,A2,B1,B2,C1,C2",7374,49
"A1,A2,B1,B2,C1,C2",4042,5
"A1,A2,B1,B2,C1,C2",2252,13
"A1,A2,B1,B2,C1,C2",9392,47
"A1,A2,B1,B2,C1,C2",10757,43
"A1,A2,B1,B2,C1,C2",8308,35
"A1,A2,B1,B2,C1,C2",4344,63
"A1,A2,B1,B2,C1,C2",9502,39
"A1,A2,B1,B2,C1,C2",9811,20
"A1,A2,B1,B2,C1,C2",11420,28
"A1,A2,B1,B2,C1,C2",9508,58
"A1,A2,B1,B2,C1,C2",7903,28
"A1,A2,B1,B2,C1,C2",9554,39
"A1,A2,B1,B2,C1,C2",5524,65
"A1,A2,B1,B2,C1,C2",9196,31
"A1,A2,B1,B2,C1,C2",6599,51
"A1,A2,B1,B2,C1,C2",4572,49
"A1,A2,B1,B2,C1,C2",9138,40
"A1,A2,B1,B2,C1,C2",5657,59
"A1,A2,B1,B2,C1,C2",7446,3
"A1,A2,B1,B2,C1,C2",11248,32
"A1,A2,B1,B2,C1,C2",9794,47
"A1,A2,B1,B2,C1,C2",6409,17
"A1,A2,B1,B2,C1,C2",3465,1
"A1,A2,B1,B2,C1,C2",5148,17
"A1,A2,B1,B2,C1,C2",4335,57
"A1,A2,B1,B2,C1,C2",6612,26
"A1,A2,B1,B2,C1,C2",8197,30
"A1,A2,B1,B2,C1,C2",6299,22
"A1,A2,B1,B2,C1,C2",5237,66
"A1,A2,B1,B2,C1,C2",11282,57
"A1,A2,B1,B2,C1,C2",11462,57
"A1,A2,B1,B2,C1,C2",9996,67
"A1,A2,B1,B2,C1,C2",2545,63
